match_id,pitch,players_a,players_b,true_team_a_strength,true_team_b_strength,true_probability_a,goals_a,goals_b
1,box,"41,8,2,18,16,15","9,7,35,6,38,28",1616.032,1575.563,0.557977,11,9
2,box,"46,42,45,35,27,15","29,38,18,1,11,28",1388.055,1595.75,0.232261,10,17
3,box,"6,25,7,23,45,39","17,3,30,35,8,47",1521.405,1522.475,0.49846,10,3
4,hf,"13,46,5,3,43,15","19,6,44,7,25,18",1549.428,1567.543,0.473954,11,9
5,box,"43,18,45,44,42,5","39,41,11,35,16,40",1402.235,1461.85,0.415039,5,10
6,hf,"21,4,15,3,48,26","18,5,14,37,44,40",1572.38,1494.432,0.610332,11,10
7,box,"30,10,17,9,16,36","35,46,38,28,40,26",1577.168,1408.082,0.725785,11,6
8,box,"4,8,10,41,11,28","39,5,25,40,30,34",1615.543,1493.075,0.669292,10,4
9,hf,"8,44,35,18,42,22","48,19,28,11,30,1",1478.645,1534.237,0.420673,9,11
10,hf,"12,33,7,41,20,45","47,39,13,10,24,11",1495.103,1498.805,0.494673,7,8
11,hf,"21,32,2,8,24,20","16,4,42,37,6,38",1624.593,1543.07,0.615215,7,2
12,hf,"35,9,47,43,31,36","11,17,34,39,28,14",1397.593,1541.067,0.304513,4,8
13,box,"46,20,26,43,42,24","29,34,44,8,16,15",1417.25,1523.852,0.351227,6,11
14,box,"1,5,46,41,4,15","47,3,22,42,33,16",1597.82,1488.348,0.652528,10,6
15,box,"37,48,31,16,46,27","13,7,41,28,23,39",1382.657,1525.988,0.304686,5,10
16,box,"42,7,4,26,22,47","16,13,41,35,29,9",1507.603,1534.49,0.461384,13,11
17,box,"36,7,4,42,35,1","6,16,11,27,32,31",1595.332,1577.192,0.526082,10,7
18,hf,"17,30,19,28,36,43","32,10,13,46,14,4",1483.225,1568.53,0.379645,6,7
19,hf,"4,48,38,31,33,34","11,47,44,6,12,5",1448.018,1514.35,0.405684,8,11
20,hf,"37,16,38,39,3,40","6,27,46,48,34,21",1497.827,1424.938,0.603382,14,10
21,hf,"16,17,26,9,43,42","20,30,21,5,1,41",1505.56,1602.517,0.363981,7,9
22,hf,"35,14,33,17,9,23","5,16,24,19,11,29",1563.218,1610.787,0.431968,3,4
23,box,"42,34,1,43,36,20","7,9,17,8,48,44",1493.395,1499.767,0.490831,10,8
24,hf,"17,33,32,48,4,6","41,28,18,3,1,22",1522.158,1627.625,0.352718,6,8
25,hf,"48,29,36,28,46,1","8,5,10,35,3,24",1436.133,1653.655,0.222327,8,14
26,hf,"20,24,3,23,14,16","7,45,36,27,10,43",1632.33,1470.532,0.717356,14,6
27,hf,"27,2,12,22,48,43","16,18,11,7,25,3",1488.562,1658.378,0.27338,11,16
28,hf,"30,23,20,15,45,2","13,26,22,18,5,39",1553.308,1572.3,0.472696,5,4
29,hf,"22,2,8,17,12,38","45,3,7,39,28,23",1623.615,1540.117,0.617903,12,10
30,box,"33,8,25,37,13,17","3,28,1,34,35,44",1557.06,1566.767,0.486035,10,4
31,box,"8,47,20,33,46,43","27,21,26,19,36,9",1389.125,1555.698,0.277104,4,10
32,box,"12,40,37,20,26,36","1,45,19,14,28,21",1488.18,1570.55,0.383632,6,10
33,box,"48,11,43,6,19,33","41,40,22,45,16,20",1462.368,1447.828,0.520913,10,6
34,hf,"5,30,27,41,37,13","25,32,26,16,10,1",1521.083,1620.423,0.360811,4,10
35,hf,"28,15,12,45,34,30","4,36,16,8,43,9",1489.458,1579.833,0.372796,2,3
36,hf,"39,21,29,40,33,28","36,46,11,31,41,17",1472.602,1451.287,0.530636,10,11
37,box,"32,41,16,18,29,5","19,46,45,22,21,35",1545.677,1432.213,0.657719,12,8
38,hf,"14,5,27,46,22,35","30,45,4,48,41,25",1515.87,1411.407,0.645963,6,5
39,box,"37,25,31,1,23,20","47,27,35,40,15,32",1578.875,1416.817,0.71766,10,6
40,box,"44,26,11,30,9,40","35,2,47,38,37,41",1494.85,1421.17,0.604473,10,8
41,box,"17,25,21,14,30,46","22,47,18,27,48,6",1507.325,1427.57,0.612802,8,5
42,box,"15,42,5,47,3,2","16,13,43,10,45,9",1577.467,1513.832,0.590568,10,5
43,hf,"24,11,39,46,8,47","20,7,38,2,42,37",1431.643,1546.812,0.340075,6,12
44,box,"46,13,5,38,41,16","7,20,39,8,37,3",1486.695,1600.848,0.341387,7,10
45,hf,"22,1,27,32,7,28","24,41,30,10,43,12",1617.033,1496.953,0.666242,12,7
46,hf,"35,31,30,28,38,18","21,16,6,43,29,41",1485.68,1506.477,0.470107,5,6
47,hf,"32,21,12,48,14,23","17,22,18,39,40,36",1491.508,1485.74,0.508301,13,9
48,box,"32,36,16,45,31,42","48,29,2,6,19,15",1422.81,1556.65,0.316383,9,13
49,box,"36,34,23,28,48,22","46,30,18,20,17,15",1435.258,1513.585,0.38915,7,10
50,box,"45,12,13,14,31,18","38,34,39,19,7,46",1528.92,1456.973,0.602085,10,7
51,box,"9,18,3,4,36,19","48,41,32,7,1,37",1654.552,1480.883,0.731003,9,6
52,hf,"17,31,8,5,26,32","45,37,4,10,39,41",1584.882,1470.843,0.658464,13,8
53,hf,"36,27,39,46,40,15","34,25,29,44,20,28",1417.087,1483.598,0.405434,6,5
54,box,"14,41,48,17,43,6","11,16,12,36,5,42",1437.188,1563.163,0.326255,7,10
55,hf,"15,19,46,47,30,5","48,17,38,13,28,8",1453.722,1483.928,0.456638,5,10
56,hf,"5,4,11,20,39,37","19,29,8,30,45,26",1593.803,1504.358,0.625951,8,7
57,hf,"6,39,3,28,21,47","17,2,48,15,37,41",1522.413,1479.627,0.561266,8,10
58,box,"12,31,34,42,29,18","48,38,28,32,6,47",1502.31,1379.64,0.669549,12,9
59,box,"22,27,45,32,19,43","26,36,3,30,6,21",1445.032,1594.103,0.297731,8,14
60,box,"1,43,35,30,27,4","13,34,24,32,29,47",1568.475,1456.977,0.655168,10,5
61,box,"45,32,8,2,41,39","16,11,20,36,1,43",1493.475,1571.813,0.389135,10,13
62,box,"8,42,10,32,19,33","18,27,31,40,16,30",1539.468,1508.37,0.544635,5,8
63,box,"5,18,27,22,33,47","1,19,20,38,39,32",1500.53,1553.295,0.424644,6,7
64,hf,"25,30,21,13,16,37","48,15,27,3,46,31",1541.947,1456.223,0.620922,9,5
65,box,"43,42,10,32,3,9","33,38,22,7,29,39",1547.602,1508.965,0.555375,10,4
66,hf,"10,5,31,17,22,40","26,6,44,35,25,21",1568.028,1509.613,0.583283,7,8
67,box,"40,5,16,41,44,19","15,6,28,7,39,29",1481.875,1575.237,0.368785,6,10
68,box,"4,19,23,24,28,10","16,34,27,37,12,11",1621.027,1548.627,0.60271,10,5
69,box,"32,38,10,15,30,41","17,44,42,1,43,19",1499.41,1490.697,0.512537,7,10
70,hf,"41,28,45,17,30,20","13,25,31,7,16,48",1460.86,1505.615,0.435946,7,11
71,hf,"43,26,18,1,37,4","39,32,19,15,23,42",1582.52,1493.653,0.625172,6,5
72,hf,"47,43,44,9,41,7","46,3,20,29,42,24",1395.673,1508.108,0.343614,8,13
73,hf,"48,27,12,13,9,35","24,34,33,18,11,17",1494.067,1557.948,0.409089,7,11
74,box,"22,8,30,5,10,15","26,36,24,6,42,1",1626.597,1573.367,0.57601,10,8
75,hf,"25,41,24,7,44,15","31,2,40,36,21,43",1507.088,1493.547,0.519478,8,9
76,box,"42,27,8,9,3,44","20,32,46,7,16,35",1555.937,1502.355,0.576505,4,3
77,box,"27,38,10,48,42,7","32,40,45,18,3,24",1450.945,1507.88,0.41879,10,8
78,hf,"24,35,42,23,4,26","18,13,8,30,6,14",1538.277,1620.198,0.384243,7,10
79,hf,"22,16,9,37,14,5","36,44,38,41,15,48",1604.142,1350.847,0.811239,11,4
80,box,"18,10,9,35,17,12","8,2,46,1,23,16",1600.603,1633.56,0.452713,7,10
81,hf,"8,5,31,29,24,33","38,7,45,43,15,3",1576.427,1509.472,0.595181,6,8
82,box,"42,2,4,31,26,28","7,32,29,5,6,21",1588.218,1620.083,0.454271,9,10
83,box,"21,25,39,34,19,30","33,46,28,7,8,36",1507.123,1504.078,0.504382,6,10
84,box,"30,26,27,7,21,28","44,17,24,10,31,5",1560.58,1551.363,0.513261,10,7
85,hf,"9,36,4,38,47,44","22,8,27,23,28,46",1444.013,1515.72,0.398246,6,7
86,hf,"37,33,14,10,43,31","15,7,23,36,24,8",1489.808,1592.73,0.35607,5,6
87,hf,"36,40,47,44,42,48","2,39,18,45,12,46",1254.383,1479.72,0.214646,9,14
88,box,"1,12,10,37,43,26","5,46,2,6,34,14",1567.215,1596.747,0.457603,10,7
89,box,"37,39,6,4,10,11","40,45,46,18,29,28",1603.77,1402.14,0.761455,11,7
90,hf,"8,23,28,48,19,38","32,34,20,3,15,26",1472.81,1585.35,0.343478,7,12
91,hf,"14,9,17,19,21,8","1,32,28,12,47,25",1626.912,1528.487,0.637974,14,10
92,hf,"43,23,5,26,3,28","2,30,46,21,37,48",1580.115,1431.598,0.7016,9,5
93,box,"8,26,2,21,11,40","30,24,6,28,7,16",1609.328,1600.182,0.51316,12,8
94,hf,"15,22,11,5,33,41","8,34,44,13,23,38",1566.518,1500.06,0.594492,6,9
95,box,"10,17,13,12,39,48","42,5,45,32,30,37",1495.302,1441.778,0.576423,5,10
96,box,"40,21,41,47,10,29","5,31,43,20,18,4",1427.348,1579.205,0.29439,7,13
97,hf,"24,19,5,42,6,40","39,33,25,30,38,36",1546.735,1451.945,0.633127,9,6
98,hf,"37,42,13,21,39,31","33,10,4,29,7,22",1467.243,1624.718,0.287717,8,15
99,hf,"3,16,46,29,45,34","43,40,11,24,39,19",1474.638,1470.3,0.506243,7,6
100,hf,"41,42,22,5,46,7","36,25,19,17,10,44",1483.067,1514.53,0.454844,9,6
101,hf,"42,45,43,26,9,39","6,20,36,25,22,44",1404.058,1516.25,0.34393,4,9
102,hf,"44,34,6,42,43,28","33,24,2,41,20,12",1428.252,1577.05,0.29806,10,12
103,hf,"13,15,9,10,5,19","7,33,35,34,3,22",1652.072,1580.845,0.601091,6,5
104,hf,"10,11,12,45,40,47","29,3,27,24,16,42",1437.688,1565.717,0.323663,4,8
105,box,"15,35,16,20,31,13","24,37,29,30,19,25",1556.932,1518.207,0.5555,10,7
106,box,"17,4,42,31,24,36","7,34,8,19,6,11",1533.43,1634.028,0.359142,5,10
107,box,"15,29,23,2,27,4","26,33,24,16,25,6",1647.013,1573.552,0.604172,13,7
108,box,"42,22,10,9,3,19","31,45,48,29,1,6",1614.943,1478.293,0.687105,11,7
109,hf,"39,34,28,8,19,16","20,45,4,43,27,30",1541.953,1484.188,0.582373,8,7
110,hf,"41,33,37,16,10,19","28,1,40,23,45,46",1516.488,1459.448,0.581358,17,10
111,box,"5,34,35,33,45,36","2,25,31,3,41,24",1455.385,1605.775,0.296147,6,13
112,hf,"47,43,41,7,38,22","9,3,23,35,48,12",1400.672,1536.003,0.314529,2,4
113,box,"31,41,12,9,5,30","3,19,13,42,40,39",1560.375,1520.262,0.557473,10,8
114,hf,"3,42,13,19,23,4","47,22,18,8,24,28",1626.78,1506.963,0.665905,6,3
115,hf,"25,22,12,32,45,24","34,18,6,28,40,39",1502.965,1503.465,0.49928,7,8
116,box,"6,21,43,19,20,29","39,28,11,46,23,42",1543.257,1445.115,0.637597,9,5
117,hf,"18,41,4,5,43,47","26,24,33,11,2,10",1475.298,1625.183,0.296753,5,8
118,box,"9,5,16,42,24,44","25,37,3,39,10,29",1530.217,1560.177,0.456991,3,10
119,hf,"26,21,42,18,16,8","2,12,32,34,25,36",1555.043,1564.922,0.485788,7,6
120,hf,"40,19,45,32,13,8","9,5,29,12,48,6",1491.798,1555.968,0.408688,7,12
121,box,"46,5,36,35,19,20","11,41,12,24,33,15",1493.417,1548.818,0.42094,13,9
122,hf,"36,37,24,30,48,9","40,6,5,20,26,31",1436.668,1565.635,0.322481,3,7
123,box,"5,9,21,42,48,29","30,34,23,47,36,12",1484.435,1443.468,0.558684,6,7
124,hf,"34,10,20,11,45,21","15,23,48,19,6,17",1528.183,1523.435,0.506833,11,10
125,hf,"40,35,6,33,42,11","38,44,10,43,22,37",1492.42,1431.525,0.586748,16,9
126,hf,"37,17,42,14,48,27","40,41,2,32,35,19",1426.085,1507.81,0.38451,8,10
127,box,"44,26,20,30,5,4","11,29,27,31,45,14",1566.982,1504.292,0.589252,8,5
128,box,"23,26,9,24,33,36","7,21,16,30,8,18",1540.792,1609.357,0.402588,8,14
129,box,"27,16,11,21,37,45","13,46,32,33,30,40",1499.318,1437.96,0.587395,7,11
130,box,"16,14,38,23,4,44","19,32,39,31,42,35",1544.422,1448.302,0.634903,11,7
131,hf,"24,26,48,3,47,4","37,36,13,46,41,19",1483.997,1432.075,0.57417,7,5
132,hf,"40,44,48,8,9,7","26,24,22,36,41,10",1458.872,1517.988,0.415736,9,7
133,hf,"9,46,22,31,34,30","10,39,33,48,21,38",1481.355,1428.867,0.574967,7,5
134,hf,"22,33,47,35,32,37","20,31,2,24,48,8",1409.908,1538.982,0.322347,5,6
135,box,"47,45,41,2,39,31","17,38,37,15,4,43",1395.545,1516.673,0.332418,4,6
136,box,"10,44,16,3,37,8","13,2,29,21,27,48",1578.552,1527.7,0.572663,10,6
137,box,"48,47,4,9,34,14","36,21,31,44,25,41",1455.408,1439.635,0.522684,5,10
138,box,"47,44,42,45,17,40","31,13,16,18,36,20",1309.933,1551.902,0.198948,6,13
139,hf,"14,45,46,32,21,31","23,36,18,19,8,37",1431.495,1542.947,0.344892,11,12
140,hf,"23,10,19,3,46,6","48,29,17,31,14,13",1597.238,1484.952,0.656193,13,10
141,box,"18,9,7,40,38,16","43,4,34,15,39,41",1556.912,1480.675,0.607986,10,8
142,hf,"9,1,36,11,27,42","31,43,13,19,21,39",1583.953,1489.128,0.633174,11,7
143,hf,"37,15,35,3,12,27","44,45,26,32,42,19",1575.095,1402.035,0.730313,14,7
144,box,"7,22,19,30,42,35","34,32,9,33,45,18",1518.923,1484.743,0.549031,11,8
145,box,"12,1,22,19,37,13","48,40,26,28,33,21",1618.183,1422.722,0.754946,10,5
146,hf,"21,16,1,17,25,47","29,18,22,20,38,37",1552.553,1512.11,0.557941,8,6
147,hf,"8,30,20,11,26,33","46,48,19,24,15,38",1570.717,1406.438,0.720242,9,7
148,hf,"39,24,27,45,36,31","35,14,16,48,6,34",1432.307,1481.93,0.429068,8,12
149,hf,"4,36,33,13,37,35","10,11,21,34,29,8",1526.38,1594.42,0.403315,7,8
150,hf,"29,4,30,9,33,27","46,37,47,36,42,20",1583.013,1341.083,0.801017,12,9
151,box,"48,14,38,5,3,28","23,45,35,4,41,31",1531.835,1474.338,0.581997,6,3
152,box,"42,27,24,25,29,45","43,6,35,9,23,8",1452.017,1558.555,0.35131,5,10
153,box,"15,1,2,20,30,35","28,43,25,48,16,44",1640.868,1381.718,0.816346,16,11
154,hf,"8,3,43,27,40,2","16,14,5,7,47,29",1590.182,1547.158,0.561601,8,13
155,hf,"26,29,15,35,14,4","9,33,19,46,37,21",1586.225,1490.21,0.634763,7,3
156,box,"16,20,10,43,34,15","27,47,18,4,36,12",1536.185,1512.703,0.533741,6,7
157,box,"43,25,34,21,27,44","10,20,47,12,35,31",1443.392,1482.752,0.443597,10,5
158,hf,"4,36,27,46,47,34","9,25,16,17,14,22",1419.573,1606.07,0.254726,5,13
159,box,"6,35,13,4,18,25","39,42,3,5,46,36",1617.633,1485.065,0.682032,15,10
160,hf,"1,14,13,8,31,16","39,47,26,43,36,21",1651.473,1381.072,0.825859,13,9
161,box,"23,20,17,24,33,32","30,7,31,21,14,45",1546.068,1515.68,0.543621,10,4
162,box,"36,38,47,27,19,10","13,22,15,25,37,16",1451.252,1562.16,0.345599,3,10
163,hf,"32,47,42,48,30,11","23,43,9,35,45,12",1352.163,1467.918,0.339317,6,7
164,hf,"4,34,3,5,43,48","1,27,9,15,45,10",1529.973,1599.717,0.400958,10,9
165,box,"43,40,31,48,32,2","1,35,36,27,42,45",1417.772,1468.433,0.427604,6,8
166,box,"44,28,12,7,45,34","10,16,13,43,17,23",1467.657,1558.183,0.372592,7,10
167,box,"37,16,45,15,20,6","42,3,43,26,25,38",1522.998,1489.202,0.548484,6,10
168,box,"28,42,22,37,7,34","3,15,14,45,31,18",1500.778,1561.422,0.413603,10,4
169,hf,"3,12,21,2,14,38","10,26,5,20,11,37",1654.873,1596.877,0.582697,11,10
170,box,"22,25,9,45,6,33","23,4,7,28,15,5",1534.858,1658.557,0.329143,1,10
171,hf,"21,2,41,18,29,32","15,23,36,25,28,12",1560.653,1551.728,0.512841,8,12
172,box,"16,46,5,6,18,10","25,41,43,42,21,24",1586.03,1442.405,0.695672,11,6
173,box,"18,7,9,6,12,28","29,36,41,33,27,47",1641.738,1398.22,0.80247,12,7
174,box,"21,25,1,19,27,47","6,36,16,37,34,11",1538.358,1542.207,0.494462,8,10
175,box,"11,28,18,27,20,31","5,24,17,16,32,13",1562.54,1601.305,0.444443,6,9
176,box,"25,22,29,47,28,42","39,9,20,21,13,31",1432.782,1556.027,0.329719,5,13
177,hf,"45,41,32,37,16,21","25,18,26,24,8,48",1439.473,1498.102,0.416419,14,10
178,box,"2,47,30,14,29,19","5,27,32,9,20,16",1526.945,1603.425,0.39168,8,12
179,hf,"29,39,31,38,26,35","33,27,43,3,24,40",1456.15,1508.113,0.425771,8,11
180,box,"43,23,11,42,40,3","37,26,22,28,7,1",1504.778,1604.67,0.360079,9,13
181,box,"45,37,15,29,24,26","30,38,33,10,23,2",1474.65,1575.327,0.359038,10,12
182,hf,"47,10,23,20,22,30","14,34,31,46,40,7",1496.78,1471.855,0.535809,10,9
183,box,"46,8,2,22,42,7","11,16,34,12,36,44",1559.097,1505.828,0.576064,10,7
184,box,"12,41,43,28,26,2","40,13,29,38,45,25",1528.617,1443.553,0.620027,11,8
185,hf,"5,37,7,35,12,24","21,13,30,8,17,32",1577.99,1575.688,0.503312,5,6
186,box,"38,8,23,46,30,40","12,20,43,48,6,9",1449.883,1492.498,0.438978,10,7
187,box,"25,27,39,9,37,48","28,12,32,35,41,36",1435.383,1472.547,0.446721,13,10
188,hf,"23,1,32,9,13,25","36,33,46,27,40,39",1631.258,1394.692,0.79605,12,7
189,hf,"37,2,15,19,3,18","46,35,45,11,30,48",1648.122,1342.507,0.853117,11,4
190,hf,"8,37,48,18,35,24","44,3,29,42,14,28",1456.443,1517.382,0.413191,7,5
191,box,"3,29,17,23,6,47","8,16,14,38,45,28",1554.657,1510.962,0.562553,10,7
192,hf,"23,35,18,39,47,11","21,19,41,37,46,33",1452.975,1434.46,0.52662,10,16
193,hf,"27,4,18,42,9,44","16,10,21,45,26,32",1534.017,1514.497,0.528062,7,6
194,hf,"5,41,6,26,33,18","24,30,32,21,38,1",1565.023,1565.503,0.499309,10,15
195,box,"41,43,45,23,5,35","26,14,28,48,32,18",1428.542,1470.127,0.440439,7,6
196,hf,"22,44,4,3,7,41","30,2,8,11,29,42",1588.982,1587.415,0.502255,12,10
197,box,"9,42,20,11,18,6","47,24,17,43,41,45",1592.875,1350.89,0.801067,8,4
198,box,"28,42,6,7,1,14","31,5,9,38,15,34",1630.652,1561.382,0.598387,3,5
199,box,"28,45,9,31,5,15","25,6,7,40,21,24",1542.41,1576.907,0.450518,3,10
200,hf,"44,10,5,34,37,1","40,11,29,23,14,47",1568.403,1468.858,0.639461,8,6
201,box,"14,6,7,9,8,38","25,23,28,21,45,16",1634.783,1508.428,0.674225,12,7
202,box,"39,19,45,2,43,20","14,34,48,33,13,26",1483.825,1464.073,0.528394,10,3
203,hf,"8,16,32,41,39,5","34,1,24,21,9,25",1538.885,1619.917,0.385455,6,7
204,hf,"44,12,31,5,2,38","45,1,17,14,3,4",1559.602,1661.565,0.357335,8,10
205,hf,"46,33,27,28,26,6","41,35,42,10,18,43",1497.673,1441.547,0.580077,13,10
206,box,"35,21,26,38,41,42","43,5,20,28,16,4",1436.778,1589.888,0.292894,6,11
207,hf,"4,20,43,46,12,8","1,9,42,11,32,23",1532.897,1600.098,0.404477,6,8
208,box,"9,18,8,2,22,28","47,34,5,17,37,40",1652.015,1440.667,0.771468,11,6
209,box,"11,24,48,17,7,37","8,15,33,1,3,39",1498.855,1646.947,0.298912,6,10
210,box,"3,36,46,42,27,15","21,16,44,45,18,5",1490.543,1498.14,0.489069,5,10
211,box,"34,3,26,5,30,19","20,21,6,36,44,1",1606.468,1572.977,0.54805,10,3
212,box,"24,38,32,13,35,16","10,1,27,2,15,44",1517.568,1634.84,0.337363,3,8
213,box,"1,43,25,20,7,14","34,16,27,32,4,10",1604.992,1592.215,0.518379,4,10
214,hf,"45,24,30,6,38,7","33,9,26,5,44,37",1513.723,1515.113,0.498,10,8
215,box,"21,26,45,48,46,29","18,15,5,13,9,7",1352.61,1658.292,0.146835,8,16
216,box,"35,23,14,29,20,30","17,8,6,11,44,3",1534.638,1624.99,0.372827,5,10
217,box,"23,26,33,4,44,20","17,12,2,47,29,36",1538.543,1518.763,0.528435,7,10
218,hf,"1,4,15,9,13,26","24,41,6,38,39,17",1690.138,1500.108,0.749116,21,10
219,box,"13,42,29,9,6,22","8,3,30,4,11,37",1572.997,1646.043,0.396399,4,10
220,box,"28,12,23,14,47,18","43,29,10,3,16,19",1507.17,1583.957,0.39126,4,10
221,hf,"25,9,27,13,42,34","16,41,35,2,48,23",1530.208,1477.442,0.575359,10,9
222,hf,"21,25,18,12,2,48","39,15,44,46,4,31",1544.58,1457.675,0.622522,4,0
223,hf,"11,7,16,43,46,18","35,4,15,37,25,23",1507.633,1560.983,0.423821,8,11
224,box,"21,45,23,38,2,46","37,42,10,41,13,32",1470.248,1476.79,0.490587,6,10
225,hf,"2,34,31,1,22,40","13,9,44,12,21,4",1599.968,1597.773,0.503159,9,5
226,hf,"34,24,5,47,43,26","38,7,22,20,21,9",1444.12,1588.23,0.303737,5,9
227,hf,"41,32,42,21,12,36","40,23,15,38,44,25",1465.297,1457.41,0.511348,12,9
228,box,"45,37,26,47,3,12","39,21,40,15,48,7",1454.242,1449.248,0.507185,5,6
229,box,"11,41,6,43,47,22","29,1,17,14,16,5",1443.435,1660.302,0.22298,3,10
230,hf,"29,47,27,11,46,32","25,23,35,42,7,31",1414.178,1510.678,0.36459,5,6
231,box,"15,11,29,5,3,19","2,21,17,7,45,22",1657.568,1587.38,0.599657,5,3
232,box,"6,22,39,40,31,2","28,11,46,42,41,4",1557.563,1479.29,0.610777,10,7
233,hf,"47,48,35,17,43,19","20,16,7,4,26,37",1342.532,1607.072,0.179047,7,12
234,box,"1,28,6,19,43,41","39,31,13,7,2,14",1556.182,1611.178,0.421508,13,8
235,box,"26,31,32,43,17,6","42,35,25,12,24,40",1513.125,1476.832,0.552041,10,8
236,hf,"18,37,4,10,43,7","6,23,35,27,38,15",1576.015,1541.348,0.549724,5,8
237,hf,"35,44,31,37,16,46","20,6,26,3,33,45",1398.057,1560.762,0.281587,4,9
238,hf,"40,10,8,29,12,11","14,13,9,3,28,6",1585.667,1668.495,0.383008,10,11
239,hf,"41,10,39,17,21,5","6,25,36,26,40,44",1551.415,1470.398,0.614524,7,6
240,hf,"1,45,40,38,34,27","8,43,10,46,37,7",1474.217,1492.2,0.474143,8,11
241,box,"35,23,27,17,25,42","32,37,39,31,3,12",1501.183,1536.568,0.449252,10,4
242,hf,"22,45,16,4,31,18","24,2,48,20,39,43",1545.893,1454.258,0.628898,10,5
243,hf,"15,9,20,29,21,18","27,39,6,13,45,14",1594.915,1514.578,0.613596,9,8
244,box,"34,24,4,33,11,5","20,45,26,9,48,37",1615.673,1414.713,0.760754,16,10
245,hf,"16,3,30,4,24,13","18,44,46,33,26,8",1654.82,1459.338,0.754967,14,9
246,box,"29,12,31,38,36,23","43,11,17,6,19,2",1502.83,1613.317,0.346149,8,12
247,hf,"15,42,48,44,14,18","47,27,33,2,1,31",1414.493,1553.52,0.309961,5,7
248,box,"1,15,17,39,20,42","18,28,25,23,30,46",1565.755,1488.123,0.609898,10,8
249,box,"38,7,1,33,43,24","36,39,41,19,20,47",1552.102,1403.36,0.701872,11,7
250,hf,"18,17,42,46,20,13","10,34,16,4,26,21",1490.303,1609.037,0.335484,4,7
251,hf,"19,17,27,26,25,3","38,37,13,22,15,35",1607.032,1507.255,0.639769,9,8
252,hf,"23,33,20,11,43,36","12,19,7,31,9,17",1497.652,1615.19,0.337019,5,6
253,hf,"44,22,42,6,15,23","48,20,27,47,24,17",1509.288,1407.282,0.642722,9,7
254,box,"4,41,38,46,40,5","31,13,33,8,25,34",1474.097,1546.66,0.397065,7,12
255,box,"13,22,27,37,30,10","21,12,6,32,47,41",1548.398,1474.278,0.605078,11,7
256,box,"11,37,48,32,6,9","40,28,41,26,42,31",1498.953,1429.403,0.598775,11,8
257,hf,"21,34,13,2,44,1","41,16,15,23,20,9",1609.725,1567.753,0.56011,10,8
258,box,"3,20,19,30,34,39","44,22,28,9,41,32",1557.018,1478.882,0.610589,15,11
259,hf,"26,2,15,46,9,14","47,38,33,11,8,24",1584.835,1480.38,0.645952,9,5
260,box,"41,17,35,40,4,39","44,7,2,42,8,27",1485.223,1561.263,0.392284,7,11
261,box,"14,45,44,41,1,20","27,7,34,18,9,42",1487.008,1550.65,0.409423,5,10
262,box,"7,32,13,39,46,17","34,44,23,27,19,11",1499.265,1510.687,0.483569,12,10
263,hf,"1,48,43,6,8,37","32,10,45,33,5,7",1504.272,1547.2,0.438534,8,9
264,hf,"17,30,4,7,12,3","19,24,21,28,8,45",1678.058,1527.79,0.703707,11,7
265,box,"9,43,42,11,22,23","29,40,18,6,24,44",1515.083,1499.11,0.522971,10,6
266,hf,"31,27,42,11,8,9","4,45,7,47,38,48",1561.607,1381.543,0.73818,10,6
267,hf,"25,23,40,2,44,9","31,32,8,27,29,3",1543.925,1589.213,0.435191,13,7
268,hf,"34,37,47,15,43,22","48,42,40,7,28,16",1404.333,1432.092,0.460137,6,7
269,box,"36,40,4,1,42,11","33,31,32,43,5,47",1574.477,1424.447,0.703421,11,7
270,box,"36,42,25,26,16,6","30,29,37,41,43,32",1524.812,1418.677,0.64816,13,8
271,hf,"7,26,27,3,36,44","1,6,39,20,33,43",1548.407,1552.727,0.493783,9,6
272,box,"4,15,30,22,36,40","39,31,24,29,8,7",1541.165,1555.735,0.479044,9,10
273,box,"19,36,34,24,7,3","11,32,9,27,44,17",1596.562,1534.688,0.588113,5,10
274,box,"13,46,22,7,27,3","41,38,8,29,30,33",1580.628,1485.713,0.633294,10,6
275,box,"28,38,31,33,12,47","44,9,7,25,21,45",1436.542,1499.33,0.410611,4,10
276,hf,"26,22,19,29,9,44","27,39,33,20,36,21",1525.735,1495.907,0.542821,6,7
277,hf,"40,46,19,44,23,9","42,12,33,35,21,8",1443.42,1522.957,0.387496,6,7
278,box,"43,46,27,44,35,19","28,1,34,7,2,25",1382.523,1662.728,0.166174,5,11
279,box,"11,19,44,17,10,4","47,14,35,3,23,29",1596.472,1512.22,0.618926,9,4
280,hf,"48,42,36,25,16,33","19,4,45,40,27,21",1408.468,1512.608,0.354463,8,14
281,box,"13,40,29,15,41,42","24,38,35,39,48,44",1464.653,1349.673,0.659682,14,9
282,box,"12,33,8,25,3,28","18,36,17,9,11,40",1619.542,1549.81,0.599026,9,6
283,hf,"39,4,41,40,43,20","32,37,36,23,5,21",1458.717,1530.203,0.39855,6,11
284,box,"33,11,27,35,45,26","6,23,15,14,22,38",1473.628,1581.225,0.349923,9,13
285,hf,"36,42,1,8,43,23","29,16,40,41,3,21",1527.947,1540.913,0.481348,10,8
286,box,"47,19,2,34,24,33","43,29,32,3,48,13",1506.502,1467.445,0.555971,14,9
287,hf,"35,1,41,5,14,43","46,44,28,7,42,48",1549.065,1349.878,0.758891,13,5
288,box,"28,42,5,44,10,2","30,22,3,6,46,4",1562.432,1603.087,0.441758,12,8
289,hf,"27,25,29,41,26,28","21,2,47,8,35,1",1501.012,1587.153,0.378511,5,6
290,box,"38,3,45,5,23,33","7,19,20,39,6,41",1539.435,1553.177,0.480234,8,10
291,hf,"35,15,9,26,48,19","41,10,20,24,1,36",1484.737,1578.825,0.367812,7,10
292,box,"37,39,26,35,36,6","20,14,23,41,27,33",1478.428,1523.042,0.436147,10,5
293,box,"43,37,4,36,30,42","45,5,19,41,17,7",1454.083,1531.833,0.38994,4,10
294,hf,"43,42,16,7,19,40","5,13,21,32,29,22",1478.052,1584.143,0.351897,9,11
295,box,"37,48,24,21,28,11","1,45,16,15,44,18",1466.193,1528.922,0.410695,2,10
296,hf,"23,20,32,36,7,12","42,39,6,18,9,35",1565.347,1520.36,0.564382,6,5
297,hf,"2,33,41,48,38,44","26,43,14,3,36,17",1400.337,1549.055,0.298157,7,13
298,box,"10,24,26,15,38,19","9,30,33,40,6,46",1561.808,1485.675,0.607844,10,6
299,hf,"40,44,11,33,9,29","46,12,37,48,10,31",1490.975,1410.062,0.614383,14,8
300,hf,"15,5,17,24,48,3","14,34,45,25,31,30",1568.867,1469.53,0.639185,14,8
301,hf,"7,46,34,41,18,17","38,35,37,12,25,42",1484.987,1457.958,0.538819,8,5
302,box,"25,15,34,26,23,44","32,31,39,1,33,9",1497.087,1564.133,0.404692,6,10
303,box,"11,24,39,8,43,15","27,22,45,31,46,38",1529.737,1401.763,0.676268,14,9
304,box,"3,9,37,38,11,47","41,33,48,46,10,4",1513.422,1428.718,0.619539,10,5
305,box,"37,41,2,43,19,6","14,29,39,31,40,11",1529.885,1501.627,0.540578,11,8
306,box,"40,43,33,17,11,22","30,39,38,5,15,25",1489.543,1526.55,0.446944,13,10
307,hf,"27,10,39,7,12,31","40,46,3,35,33,8",1567.135,1498.757,0.597153,11,6
308,box,"1,44,42,28,34,27","24,3,47,45,15,31",1499.498,1469.065,0.543685,4,5
309,box,"45,37,7,28,9,17","31,15,6,19,35,27",1522.962,1558.408,0.449164,10,6
310,hf,"34,1,25,42,14,21","27,24,7,10,28,17",1571.545,1600.122,0.458967,7,6
311,box,"44,26,14,27,36,48","31,12,24,43,39,42",1405.417,1445.31,0.44284,10,9
312,hf,"43,8,15,29,11,7","14,33,26,22,36,4",1575.815,1571.953,0.505557,9,7
313,box,"10,31,39,28,6,5","17,15,24,44,3,25",1583.4,1571.303,0.517401,5,6
314,box,"4,12,41,32,29,1","13,34,19,42,3,33",1610.727,1554.385,0.580379,10,6
315,hf,"1,11,6,18,26,23","44,42,38,13,34,48",1656.273,1357.203,0.848333,14,7
316,hf,"19,47,36,38,23,44","18,15,39,13,30,26",1388.995,1537.793,0.29806,9,13
317,hf,"7,36,5,33,19,22","8,45,17,35,37,40",1582.835,1447.813,0.685087,12,6
318,hf,"16,22,30,44,46,38","2,31,8,17,5,25",1422.38,1649.445,0.212974,7,16
319,hf,"15,21,27,23,34,35","1,17,16,19,6,26",1529.723,1653.242,0.329372,6,10
320,hf,"12,31,21,23,14,37","18,48,13,32,40,16",1548.565,1453.495,0.633501,10,6
321,hf,"13,16,40,23,10,7","8,6,32,1,35,3",1588.407,1670.87,0.383505,8,10
322,hf,"37,18,32,12,33,47","26,15,48,9,4,34",1447.31,1525.958,0.38871,7,8
323,box,"33,23,26,44,12,30","8,34,43,21,1,38",1492.988,1548.065,0.421396,7,10
324,box,"12,36,17,16,18,31","40,22,24,48,32,28",1555.107,1427.287,0.676075,7,4
325,box,"18,29,12,37,9,45","15,7,48,16,36,28",1507.505,1489.638,0.52569,3,10
326,hf,"1,12,27,32,9,41","34,35,21,45,20,17",1593.098,1478.212,0.659562,8,6
327,hf,"45,11,4,14,17,31","41,7,29,22,44,24",1563.542,1494.897,0.597522,8,5
328,box,"27,8,23,44,39,13","37,42,35,12,19,46",1508.682,1432.312,0.608169,10,6
329,box,"6,25,40,19,30,41","10,11,22,27,37,26",1505.545,1561.2,0.420584,7,10
330,box,"19,46,18,39,42,26","47,29,24,38,34,41",1438.732,1397.665,0.558826,10,6
331,box,"48,45,6,14,11,26","7,42,5,31,36,4",1466.955,1579.082,0.344015,8,10
332,hf,"17,40,10,6,42,25","20,15,16,19,29,9",1535.405,1599.292,0.409082,13,8
333,hf,"21,31,30,35,18,36","29,9,45,12,38,46",1497.127,1442.718,0.577666,6,7
334,box,"41,35,20,23,31,47","15,6,29,46,24,27",1418.07,1523.375,0.35293,6,9
335,hf,"9,23,19,31,35,1","32,45,20,43,28,46",1605.225,1383.095,0.782226,11,5
336,box,"13,27,36,28,26,16","11,25,41,15,17,6",1540.733,1578.638,0.445666,4,2
337,box,"44,18,19,42,35,47","27,13,5,12,9,46",1383.1,1568.57,0.25585,7,10
338,box,"32,13,21,2,10,4","35,45,12,7,19,18",1668.172,1527.427,0.692151,10,6
339,hf,"1,32,14,22,27,20","47,24,30,3,45,6",1613.282,1485.615,0.675881,11,7
340,box,"26,5,35,31,12,13","17,25,1,8,16,41",1571.845,1612.227,0.442146,5,10
341,box,"7,34,43,14,31,25","20,21,11,3,36,47",1516.667,1529.682,0.481279,10,8
342,box,"43,14,8,16,41,28","21,1,11,18,38,46",1512.557,1552.7,0.442485,10,5
343,box,"45,39,10,24,6,16","11,32,44,22,4,38",1524.855,1528.913,0.49416,10,6
344,box,"21,36,42,23,29,13","2,25,45,9,17,3",1506.595,1623.082,0.338373,7,10
345,box,"13,37,12,35,23,21","30,18,39,36,11,5",1539.623,1543.545,0.494357,4,10
346,box,"41,33,25,12,2,40","24,43,16,21,5,35",1535.355,1531.792,0.505128,3,10
347,hf,"19,21,27,42,47,8","7,34,5,3,9,12",1469.462,1675.687,0.233773,9,15
348,hf,"7,3,37,42,25,43","32,34,40,38,17,4",1518.802,1515.882,0.504202,14,9
349,box,"14,42,32,6,30,41","4,24,36,27,43,47",1496.418,1449.325,0.567361,6,10
350,box,"14,34,7,46,15,35","25,13,41,47,16,37",1506.125,1438.678,0.595862,4,10
351,hf,"41,37,23,44,30,43","28,7,11,12,36,26",1390.962,1578.96,0.253089,5,9
352,box,"39,29,23,21,36,45","24,27,28,43,16,37",1446.453,1486.227,0.44301,5,10
353,box,"29,48,26,1,3,19","39,2,34,9,20,45",1570.955,1529.402,0.559517,8,6
354,box,"45,18,36,33,46,37","43,10,7,3,30,23",1386.093,1591.578,0.234537,10,15
355,hf,"17,20,6,37,26,45","14,5,21,31,12,32",1508.028,1588.358,0.386413,5,7
356,box,"7,39,42,20,3,37","25,6,4,22,23,28",1541.925,1621.947,0.386834,3,10
357,hf,"42,39,1,41,45,25","4,20,34,3,21,35",1451.802,1616.493,0.279279,10,13
358,box,"10,4,44,26,29,39","37,33,6,15,28,19",1527.35,1553.687,0.462171,8,10
359,hf,"36,26,17,6,47,33","28,9,41,31,48,13",1472.112,1455.055,0.524527,12,10
360,box,"48,34,16,46,5,18","28,21,37,6,8,27",1443.478,1573.208,0.321522,7,10
361,box,"2,20,11,23,40,29","44,10,43,3,15,13",1588.065,1548.325,0.556942,5,10
362,hf,"16,40,10,19,1,22","8,20,29,31,2,43",1612.883,1566.588,0.566232,12,9
363,box,"17,36,31,40,10,43","2,25,38,34,3,48",1466.825,1527.338,0.413784,10,3
364,hf,"42,1,5,25,43,18","24,7,2,19,45,15",1561.258,1590.065,0.458639,3,4
365,hf,"32,39,35,6,12,13","33,30,36,2,3,16",1542.23,1613.397,0.398992,9,11
366,hf,"48,11,2,23,44,45","43,41,20,16,33,18",1435.787,1482.055,0.433805,4,9
367,box,"2,36,18,15,10,22","26,9,6,25,34,45",1619.328,1524.877,0.632674,10,5
368,box,"39,22,29,35,9,14","42,44,38,45,13,41",1533.942,1364.213,0.726519,10,4
369,hf,"10,42,37,11,21,5","36,35,8,12,44,48",1562.343,1415.073,0.700096,8,3
370,hf,"27,48,20,29,41,18","10,13,7,9,12,2",1439.73,1694.613,0.187365,6,11
371,hf,"37,40,15,39,46,44","2,23,6,31,9,33",1369.665,1627.987,0.18437,8,11
372,hf,"12,25,32,31,9,11","13,15,3,27,1,18",1580.135,1680.893,0.35893,10,14
373,hf,"13,14,5,12,29,40","32,21,30,16,28,26",1580.69,1535.492,0.564681,4,7
374,hf,"26,40,37,39,35,34","42,3,43,7,29,30",1426.072,1526.625,0.359202,9,19
375,box,"34,35,26,3,36,25","48,41,4,13,19,29",1537.923,1491.203,0.566833,10,4
376,hf,"40,4,45,34,10,30","42,29,6,33,8,12",1498.315,1559.15,0.413335,6,8
377,hf,"27,21,29,2,12,30","38,13,43,6,17,47",1599.21,1451.447,0.700692,12,5
378,box,"46,47,8,6,48,29","41,24,45,34,25,33",1379.635,1436.31,0.419154,6,10
379,box,"22,37,43,10,11,45","12,4,27,20,39,29",1466.62,1575.437,0.348327,10,15
380,box,"1,40,17,48,30,32","43,35,45,39,42,16",1477.202,1374.048,0.644236,10,4
381,hf,"39,48,1,16,36,18","40,41,44,14,4,12",1490.803,1504.197,0.480735,13,8
382,hf,"43,37,39,20,22,6","4,7,27,12,11,19",1488.745,1653.307,0.27943,4,8
383,hf,"36,12,30,38,24,3","6,20,21,44,25,5",1557.277,1569.533,0.482369,8,11
384,hf,"8,45,18,22,34,27","44,14,41,4,7,37",1509.883,1524.858,0.478463,7,11
385,hf,"45,39,46,19,28,47","21,17,34,37,23,9",1336.488,1548.735,0.227622,7,9
386,hf,"32,48,12,40,15,19","13,1,8,2,30,45",1455.345,1624.495,0.274142,10,15
387,hf,"27,48,3,22,23,36","41,14,1,13,19,17",1499.345,1611.59,0.343861,9,12
388,box,"21,1,8,44,22,45","26,37,40,2,12,13",1533.463,1566.4,0.452742,3,2
389,hf,"42,9,31,10,41,30","35,22,43,27,4,34",1500.088,1512.528,0.482105,10,9
390,hf,"14,37,44,22,23,5","10,18,2,45,25,35",1527.175,1550.893,0.46592,9,10
391,box,"20,46,21,3,18,27","6,32,16,24,29,48",1556.263,1490.067,0.594128,13,8
392,box,"6,29,33,2,31,46","10,13,22,44,34,20",1539.972,1529.477,0.515099,3,6
393,hf,"44,9,14,3,30,25","34,8,1,20,45,6",1574.005,1590.302,0.476564,13,9
394,hf,"48,20,2,37,47,41","14,21,13,40,19,18",1391.787,1560.618,0.274507,4,9
395,box,"18,10,11,48,8,1","40,36,33,7,14,35",1591.733,1501.317,0.62726,10,7
396,hf,"19,37,16,11,5,20","40,22,35,29,4,9",1595.935,1559.39,0.552399,12,8
397,hf,"6,28,26,12,39,38","41,29,40,23,20,22",1530.547,1490.87,0.556852,5,6
398,hf,"30,37,9,6,48,7","44,20,42,31,15,38",1508.423,1445.952,0.588947,11,9
399,box,"12,45,43,22,21,30","32,2,5,31,8,23",1461.312,1632.65,0.271643,5,10
400,box,"37,9,33,7,26,45","21,36,5,20,35,30",1503.538,1538.202,0.45028,5,4
401,hf,"25,5,22,14,38,28","43,37,46,35,16,12",1568.073,1426.457,0.693219,17,9
402,hf,"37,32,8,38,39,30","21,36,7,29,12,20",1472.625,1573.408,0.358897,7,11
403,hf,"39,25,21,32,42,43","4,6,14,9,38,1",1433.375,1684.018,0.191109,5,10
404,hf,"19,25,40,37,29,13","14,21,20,45,46,28",1506.228,1457.43,0.569768,7,12
405,box,"40,33,26,9,19,4","24,36,43,1,41,23",1573.4,1510.332,0.589779,10,6
406,box,"41,21,46,25,26,45","28,35,14,12,31,9",1405.562,1563.032,0.287723,9,11
407,hf,"10,19,43,9,45,1","5,2,48,32,28,44",1553.742,1485.77,0.59659,9,8
408,box,"45,39,28,40,12,30","33,46,36,29,25,23",1432.94,1456.013,0.466844,10,6
409,box,"46,33,18,27,35,37","24,3,41,43,31,42",1439.95,1474.613,0.45028,10,5
410,hf,"18,30,34,6,46,40","45,16,31,5,35,20",1467.277,1508.745,0.440604,7,9
411,hf,"30,33,31,37,22,27","23,19,41,11,3,20",1492.35,1598.078,0.352374,7,10
412,box,"31,38,11,37,4,43","19,40,2,42,32,6",1504.147,1552.088,0.431441,10,5
413,hf,"18,17,1,8,39,12","38,10,29,24,43,47",1628.788,1421.365,0.76746,13,8
414,hf,"34,3,22,6,10,39","44,32,27,25,16,29",1605.387,1490.823,0.659143,14,9
415,hf,"23,4,42,17,8,47","11,30,26,31,20,39",1514.438,1520.12,0.491824,7,8
416,hf,"46,25,31,17,10,34","28,1,19,29,47,21",1494.248,1532.275,0.445493,8,14
417,hf,"41,23,28,40,42,18","22,43,48,7,17,26",1453.652,1458.875,0.492484,11,10
418,box,"13,34,22,44,12,21","36,1,41,5,40,27",1522.007,1544.383,0.467842,10,6
419,hf,"13,3,2,40,6,4","39,14,42,8,45,44",1696.97,1417.067,0.833585,17,9
420,hf,"42,37,12,8,46,17","19,30,5,41,18,28",1477.022,1545.742,0.402374,5,8
421,box,"5,18,4,25,45,22","46,17,41,12,29,48",1577.882,1394.412,0.741952,12,5
422,box,"32,7,10,35,28,14","40,47,29,17,41,3",1572.78,1458.89,0.658272,10,5
423,box,"32,10,42,41,1,3","25,18,47,22,26,37",1592.515,1457.925,0.68455,10,3
424,box,"26,47,5,35,15,1","25,31,8,37,45,23",1547.33,1484.395,0.589593,15,8
425,box,"24,35,22,6,30,19","42,13,12,36,3,25",1558.042,1566.707,0.487533,7,10
426,hf,"32,6,41,29,13,9","3,44,2,38,16,48",1559.917,1504.038,0.579729,6,5
427,hf,"29,2,3,22,4,45","46,26,8,14,34,30",1633.57,1499.1,0.684401,11,5
428,hf,"48,38,15,5,3,10","32,2,31,44,16,9",1553.437,1560.303,0.490119,9,5
429,hf,"7,30,40,11,38,5","48,8,32,39,15,43",1555.197,1416.95,0.689078,10,9
430,box,"48,44,26,21,8,37","35,9,45,14,3,12",1421.328,1571.083,0.296909,7,12
431,box,"45,24,36,11,29,16","38,3,9,7,25,48",1496.563,1540.598,0.436966,10,6
432,box,"42,38,19,27,31,9","14,10,18,34,29,45",1503.065,1513.207,0.485409,10,3
433,hf,"40,6,41,20,23,27","1,36,16,13,8,34",1516.04,1613.418,0.363419,4,5
434,hf,"35,33,15,30,41,43","14,18,4,13,8,10",1438.468,1667.16,0.211409,7,15
435,hf,"12,11,43,3,4,42","24,19,14,28,17,22",1590.967,1580.003,0.515772,7,8
436,hf,"4,35,12,11,2,32","33,8,5,16,29,21",1641.488,1599.932,0.559521,9,6
437,box,"8,21,15,7,16,27","13,25,46,5,31,32",1620.708,1512.23,0.65123,10,7
438,box,"12,25,24,9,30,13","41,23,18,43,22,45",1590.175,1429.497,0.716047,10,5
439,hf,"30,48,27,11,22,15","19,39,45,40,37,36",1486.948,1393.783,0.630951,15,9
440,hf,"32,14,38,31,30,18","1,28,16,40,21,41",1510.395,1550.132,0.443062,6,7
441,hf,"37,1,27,3,45,31","33,44,28,34,26,43",1559.83,1423.202,0.687078,10,6
442,box,"32,16,6,36,1,27","14,9,23,19,47,46",1604.783,1461.36,0.695426,10,5
443,box,"37,38,2,30,45,9","26,12,24,44,1,5",1506.647,1601.153,0.367252,4,10
444,hf,"18,45,40,35,37,14","6,46,22,4,33,24",1436.388,1556.02,0.334332,8,13
445,box,"40,3,24,46,12,42","36,5,43,14,9,22",1488.687,1551.688,0.410314,10,7
446,box,"45,14,15,21,23,18","33,28,43,4,5,24",1532.277,1564.637,0.453564,10,6
447,hf,"44,35,19,29,40,24","5,13,30,6,39,26",1451.942,1577.09,0.327302,12,15
448,hf,"7,11,18,8,10,32","44,14,34,2,19,27",1631.393,1552.7,0.611351,9,7
449,box,"23,27,29,42,2,19","13,5,44,15,34,22",1564.505,1543.902,0.529616,10,5
450,box,"45,34,36,29,30,20","37,9,43,11,17,15",1447.2,1538.763,0.371198,5,11
451,box,"23,19,30,11,40,45","35,47,12,44,10,43",1477.902,1394.715,0.617479,10,6
452,hf,"17,24,12,14,36,3","21,23,10,47,29,35",1613.572,1476.268,0.687913,10,7
453,box,"2,26,32,10,30,21","45,1,35,33,22,19",1599.432,1528.113,0.601218,13,11
454,box,"37,43,10,48,29,22","8,31,3,9,36,42",1417.888,1573.74,0.289636,8,10
455,hf,"6,21,4,39,42,13","38,34,15,18,43,2",1571.738,1532.167,0.556703,3,2
456,hf,"33,26,13,32,21,39","43,48,4,24,47,10",1512.493,1413.412,0.638846,9,8
457,hf,"1,19,23,46,20,29","36,6,14,43,27,39",1558.32,1490.41,0.596504,12,7
458,hf,"27,9,38,39,6,10","14,20,31,34,22,5",1562.288,1576.282,0.479873,7,8
459,box,"41,18,27,12,36,30","37,9,13,45,25,19",1501.355,1511.432,0.485503,3,10
460,box,"36,30,15,2,1,10","17,20,31,8,19,27",1653.285,1579.073,0.605204,10,4
461,hf,"18,32,5,39,24,38","31,37,28,17,42,8",1524.677,1505.355,0.527777,10,7
462,hf,"38,4,10,21,30,9","23,11,47,18,24,27",1603.833,1501.285,0.643438,11,7
463,box,"19,34,41,5,33,13","46,12,7,39,11,35",1538.732,1501.32,0.553633,10,3
464,box,"45,48,24,7,35,38","23,10,1,9,34,19",1396.715,1642.16,0.195778,6,11
465,box,"7,14,10,33,15,13","36,40,34,35,42,8",1619.655,1446.193,0.730769,10,5
466,box,"2,31,23,20,24,9","29,39,34,22,12,45",1622.31,1463.168,0.714245,10,5
467,hf,"10,45,15,20,9,14","44,6,28,8,5,2",1565.933,1627.632,0.412131,7,10
468,hf,"43,33,38,4,31,8","17,3,5,20,1,7",1521.703,1724.6,0.237223,6,12
469,hf,"13,12,43,23,2,6","10,18,38,45,39,11",1610.6,1485.767,0.672298,8,4
470,hf,"33,37,5,7,38,1","34,14,13,19,11,35",1600.72,1563.508,0.553348,11,5
471,box,"46,31,24,45,38,12","29,7,43,23,25,28",1417.387,1524.448,0.350624,7,10
472,box,"8,30,48,34,9,32","24,19,36,3,6,21",1476.147,1616.982,0.307739,7,10
473,box,"44,29,15,36,27,19","28,13,5,31,24,12",1488.178,1594.275,0.35189,3,10
474,box,"34,43,44,6,8,10","26,42,38,7,11,5",1510.802,1559.693,0.4301,13,10
475,hf,"15,28,32,18,38,44","45,26,23,31,41,46",1478.972,1392.218,0.622317,13,9
476,hf,"8,17,32,46,15,41","9,2,7,4,5,45",1488.612,1665.305,0.265587,7,14
477,box,"44,21,10,20,40,48","7,5,34,32,30,13",1419.292,1581.115,0.282614,6,10
478,box,"35,48,2,3,28,8","25,29,21,42,41,30",1566.177,1468.453,0.63704,13,9
479,hf,"46,11,32,28,9,20","25,48,8,37,41,36",1523.265,1411.81,0.655112,7,6
480,box,"11,33,4,26,17,32","38,25,40,23,19,21",1591.307,1506.612,0.619528,10,5
481,box,"48,38,2,41,22,25","7,28,23,40,27,39",1464.177,1511.2,0.432738,10,8
482,hf,"45,5,20,8,22,11","2,35,21,3,30,28",1575.118,1618.555,0.437813,10,12
483,hf,"38,2,21,25,37,45","46,44,7,32,40,14",1500.177,1438.485,0.58786,8,5
484,hf,"40,20,24,28,13,32","41,5,35,14,19,17",1523.182,1553.298,0.456767,9,8
485,box,"48,6,46,38,7,45","22,18,5,37,34,31",1383.785,1540.218,0.288947,7,11
486,hf,"33,20,28,43,35,21","13,27,26,17,48,30",1480.09,1472.827,0.510451,5,8
487,box,"34,12,37,32,14,43","30,18,35,28,46,4",1480.135,1507.23,0.461086,7,10
488,box,"20,28,27,21,5,41","14,46,18,19,11,17",1551.225,1544.26,0.510022,7,10
489,box,"20,30,32,36,28,44","42,3,13,11,18,9",1459.99,1621.338,0.283169,4,10
490,hf,"42,3,32,2,4,6","21,39,20,5,27,24",1669.252,1562.59,0.648851,11,6
491,hf,"47,9,16,8,37,33","45,34,38,41,17,32",1492.78,1417.208,0.607073,11,8
492,box,"21,22,38,25,16,28","14,10,7,12,42,18",1539.888,1593.163,0.423926,5,10
493,hf,"8,21,35,28,31,16","18,10,24,44,40,20",1551.825,1504.767,0.567311,6,5
494,hf,"43,4,45,48,16,17","36,25,20,24,8,35",1428.568,1538.957,0.346277,5,10
495,box,"26,17,20,6,16,46","14,11,29,21,27,3",1540.122,1624.643,0.380708,8,13
496,box,"48,27,22,28,7,11","17,33,5,23,47,36",1509.77,1481.912,0.540006,6,10
497,box,"41,29,42,9,1,26","13,48,20,21,37,6",1549.163,1494.853,0.577528,10,3
498,hf,"9,39,44,27,21,29","31,48,17,12,38,46",1491.802,1397.383,0.63263,13,9
499,box,"12,26,25,37,15,2","43,36,40,44,6,30",1597.008,1417.51,0.73755,10,5
500,hf,"28,39,17,10,6,24","11,37,8,1,34,48",1575.207,1525.405,0.571184,5,8
501,hf,"15,46,14,13,18,19","32,25,9,28,47,38",1541.722,1456.258,0.62057,12,10
502,hf,"27,12,48,10,2,19","17,16,40,29,41,24",1556.482,1498.092,0.583248,12,8
503,box,"21,45,26,44,14,25","28,39,17,5,7,36",1460.76,1560.538,0.360229,7,10
504,hf,"39,43,48,3,1,17","33,40,25,20,26,24",1507.658,1510.945,0.49527,9,7
505,box,"11,33,32,22,30,9","6,21,34,28,10,17",1558.923,1590.845,0.45419,13,9
506,box,"48,24,28,19,17,40","44,34,21,46,11,43",1449.845,1406.797,0.561636,5,9
507,hf,"41,29,4,13,10,46","15,12,3,31,17,11",1528.48,1636.952,0.348778,10,11
508,hf,"32,3,29,23,36,48","30,43,8,10,40,45",1481.03,1448.6,0.546535,10,8
509,box,"33,18,37,43,38,14","44,1,34,46,12,27",1463.163,1495.898,0.453029,6,10
510,box,"19,44,47,8,26,24","38,7,21,10,2,6",1455.205,1652.44,0.24317,4,10
511,box,"18,39,43,1,22,3","42,40,29,21,37,9",1591.323,1478.082,0.657432,13,7
512,box,"4,5,36,39,25,6","26,17,12,16,42,43",1598.67,1497.345,0.64182,12,8
513,hf,"42,48,10,8,20,32","28,44,39,9,23,7",1470.068,1521.027,0.427186,7,8
514,box,"31,18,37,39,28,6","44,24,40,12,42,38",1515.673,1424.362,0.628464,10,6
515,box,"42,44,46,10,32,34","41,43,6,19,30,28",1401.617,1489.82,0.375724,4,7
516,box,"44,20,16,34,28,19","37,4,36,5,3,33",1505.633,1613.077,0.350124,6,10
517,hf,"37,17,23,47,38,6","33,2,8,30,12,44",1462.72,1565.663,0.356041,8,13
518,box,"46,20,21,38,30,43","29,40,17,22,12,14",1423.065,1549.802,0.325292,3,7
519,hf,"7,28,35,2,1,26","8,44,11,31,30,43",1654.523,1474.627,0.737994,13,6
520,box,"32,20,40,46,24,26","47,6,9,45,1,13",1453.977,1535.612,0.384633,7,14
521,box,"14,31,42,10,46,16","28,41,35,13,6,20",1487.315,1537.503,0.428271,6,7
522,box,"48,45,29,32,31,2","46,38,16,13,19,37",1434.557,1472.372,0.445794,7,9
523,hf,"28,27,32,38,39,36","19,3,46,26,40,33",1456.458,1500.13,0.43748,4,5
524,box,"32,15,46,4,34,2","28,37,21,36,5,18",1568.707,1542.393,0.537796,6,7
525,hf,"23,29,45,28,2,11","19,13,31,48,47,15",1555.683,1411.608,0.69622,7,5
526,box,"39,46,43,30,9,19","25,27,24,31,11,14",1437.157,1567.875,0.320282,3,10
527,box,"13,11,39,32,7,27","45,20,16,14,36,4",1562.857,1543.378,0.528002,9,10
528,box,"33,3,5,22,28,8","40,15,43,36,41,32",1639.898,1415.17,0.784763,13,8
529,hf,"36,18,10,45,33,39","7,4,29,30,8,42",1459.328,1588.39,0.322362,4,5
530,hf,"7,36,3,33,48,11","41,8,14,24,43,19",1527.115,1515.558,0.516625,7,8
531,hf,"10,42,24,22,9,8","13,29,27,1,16,31",1585.142,1607.503,0.467863,11,8
532,hf,"27,24,41,43,16,10","34,48,15,9,28,46",1500.467,1425.722,0.605937,11,4
533,hf,"34,44,24,2,29,10","1,48,5,6,22,21",1553.613,1590.003,0.447821,9,8
534,hf,"3,43,42,10,37,4","41,34,19,27,26,36",1555.433,1479.907,0.607011,7,5
535,hf,"23,1,18,34,40,10","26,29,14,35,41,48",1587.545,1418.732,0.725472,10,5
536,box,"13,20,6,3,35,22","25,9,34,44,19,14",1627.033,1527.797,0.639052,6,5
537,hf,"11,2,47,35,38,17","16,20,28,33,8,4",1504.602,1615.528,0.345575,9,12
538,hf,"8,4,42,48,29,20","37,1,30,22,16,46",1498.457,1526.735,0.459394,4,5
539,hf,"15,23,20,19,43,37","9,25,34,16,7,21",1506.823,1597.47,0.37243,10,14
540,box,"30,7,10,28,27,6","43,4,45,9,31,14",1605.05,1514.978,0.626796,10,8
541,box,"34,26,17,38,32,41","28,29,44,27,11,10",1469.708,1527.122,0.41812,7,10
542,box,"34,8,45,14,30,31","3,11,36,24,47,27",1492.37,1518.015,0.463161,10,8
543,box,"20,24,48,19,32,2","10,42,38,27,4,46",1522.51,1491.117,0.545056,4,10
544,hf,"23,5,3,27,31,37","20,43,29,22,25,44",1592.963,1460.973,0.681309,10,6
545,box,"9,33,41,30,29,43","44,10,21,6,27,25",1464.888,1550.083,0.379794,8,9
546,box,"29,18,42,6,11,2","37,41,20,36,8,39",1608.775,1470.793,0.688751,11,5
547,hf,"37,34,13,31,33,2","8,35,12,43,18,14",1549.76,1540.398,0.513469,9,6
548,box,"35,39,21,26,38,3","32,2,22,28,12,27",1526.768,1599.36,0.397026,6,10
549,box,"7,35,11,19,10,12","17,6,44,20,27,46",1613.557,1482.227,0.680484,11,6
550,box,"20,25,7,21,10,27","45,17,47,8,4,13",1604.082,1504.8,0.639112,10,5
551,box,"33,25,8,18,4,21","30,36,27,5,31,2",1614.915,1582.957,0.545862,8,5
552,hf,"44,7,16,36,42,9","20,37,27,29,6,33",1501.458,1537.652,0.448101,12,11
553,hf,"16,35,28,36,29,3","1,30,40,19,11,42",1556.48,1549.738,0.509701,10,9
554,box,"44,25,23,41,14,38","33,19,3,11,35,37",1458.622,1565.888,0.350356,8,13
555,hf,"47,36,18,28,14,40","33,21,22,17,29,46",1435.568,1492.0,0.419495,10,9
556,hf,"39,22,2,45,9,42","1,48,31,43,41,12",1505.95,1448.228,0.582312,5,4
557,box,"35,6,42,46,5,48","2,29,8,23,25,39",1411.747,1591.452,0.262219,3,9
558,hf,"8,30,24,13,29,1","15,2,18,23,45,6",1626.817,1591.172,0.551118,6,8
559,hf,"32,24,3,18,48,39","14,1,13,26,8,45",1486.818,1594.908,0.349278,7,8
560,box,"43,37,44,46,39,47","12,5,38,9,41,45",1271.373,1502.313,0.209259,5,10
561,hf,"18,13,44,2,46,35","40,17,36,30,1,28",1493.525,1544.503,0.427158,9,16
562,hf,"28,27,18,8,44,34","30,32,24,43,3,15",1509.773,1543.767,0.451235,8,7
563,box,"26,13,22,6,37,2","15,28,5,16,47,11",1615.552,1538.8,0.608692,12,7
564,hf,"28,2,38,41,22,17","16,7,31,42,44,4",1549.823,1532.22,0.525312,8,9
565,box,"39,40,29,7,41,46","38,8,6,4,3,25",1418.252,1664.982,0.194616,5,11
566,box,"29,4,20,40,41,28","5,7,47,36,45,19",1522.937,1459.933,0.589688,5,6
567,box,"43,40,1,30,25,45","28,47,41,7,22,2",1461.203,1517.123,0.420212,7,10
568,box,"5,38,13,37,9,41","33,17,23,27,31,29",1532.167,1528.863,0.504754,10,6
569,box,"33,42,23,20,38,35","10,47,31,45,22,19",1465.65,1438.092,0.539577,10,4
570,hf,"33,36,4,28,23,13","43,41,42,5,22,40",1570.515,1436.367,0.684001,4,2
571,box,"39,45,22,38,37,46","40,20,27,43,11,7",1363.692,1518.698,0.290637,5,10
572,box,"1,41,15,45,46,30","40,14,16,31,22,25",1458.858,1531.59,0.396833,12,16
573,box,"5,23,2,36,8,10","19,29,13,38,24,3",1654.058,1589.54,0.591797,7,10
574,box,"12,22,36,16,48,13","2,44,17,7,42,9",1487.043,1571.782,0.380414,5,8
575,box,"20,30,16,24,45,43","11,34,40,28,5,8",1457.0,1569.025,0.344147,4,10
576,box,"25,45,24,21,39,28","41,16,3,38,13,35",1470.043,1541.677,0.398348,7,10
577,hf,"18,9,33,38,32,14","6,31,40,5,11,46",1542.872,1522.603,0.529135,6,5
578,hf,"34,30,12,21,24,48","31,32,42,18,38,26",1464.47,1469.587,0.492637,6,7
579,box,"13,29,16,26,14,20","28,25,37,11,24,17",1582.24,1550.2,0.545979,7,10
580,hf,"38,3,30,33,40,22","28,29,46,42,27,24",1521.882,1446.81,0.606386,11,9
581,hf,"12,29,15,17,42,5","23,6,19,33,39,35",1570.805,1525.133,0.565351,7,10
582,hf,"5,24,3,35,13,22","44,43,17,20,18,42",1627.26,1441.702,0.744247,19,7
583,hf,"46,35,17,1,20,19","23,26,41,38,45,31",1548.687,1424.548,0.671416,16,7
584,box,"26,15,47,14,31,46","34,38,36,30,39,22",1425.777,1452.76,0.461246,9,12
585,hf,"14,29,47,36,2,24","9,37,42,20,1,32",1511.81,1561.648,0.428765,9,10
586,hf,"44,26,45,35,20,21","38,2,37,3,9,10",1434.133,1641.51,0.232588,7,15
587,hf,"39,48,37,26,25,14","45,5,35,44,13,31",1425.852,1457.285,0.454887,9,8
588,hf,"6,11,7,44,36,12","3,39,32,2,43,13",1563.653,1575.757,0.482589,9,8
589,box,"43,34,5,30,4,24","47,1,11,21,27,26",1554.177,1546.44,0.511132,10,5
590,hf,"14,9,48,20,28,43","31,11,39,37,45,13",1461.178,1460.535,0.500926,7,8
591,hf,"10,29,5,26,39,16","34,22,37,32,30,38",1573.008,1467.007,0.647985,8,5
592,hf,"30,23,45,20,26,40","12,27,16,42,28,48",1457.13,1449.775,0.510583,7,6
593,hf,"45,3,16,11,18,41","35,19,5,14,32,27",1543.425,1564.025,0.470389,7,9
594,hf,"7,33,21,27,29,11","17,14,47,3,30,2",1577.717,1582.667,0.492877,6,5
595,box,"48,26,13,47,3,1","17,8,9,21,30,32",1507.135,1585.252,0.389438,7,12
596,hf,"29,9,31,18,11,44","2,39,7,12,19,8",1531.148,1640.797,0.347242,8,11
597,hf,"1,44,18,10,29,23","12,14,3,35,41,47",1581.595,1495.258,0.621753,9,4
598,hf,"42,43,46,47,7,25","20,29,4,39,1,40",1361.79,1587.298,0.21448,2,8
599,hf,"24,16,13,6,2,27","44,1,22,46,5,15",1648.008,1544.748,0.644377,15,9
600,box,"43,11,47,3,27,33","7,21,41,36,13,14",1480.348,1550.408,0.40052,7,10
601,box,"21,12,1,26,42,48","46,25,14,30,15,5",1504.247,1535.047,0.455791,6,7
602,hf,"27,20,39,32,7,35","37,11,17,44,21,25",1518.567,1507.977,0.515236,5,6
603,hf,"41,45,21,43,31,5","22,2,39,38,29,25",1439.545,1544.742,0.353073,5,8
604,box,"46,1,15,2,40,8","20,16,28,41,6,4",1598.618,1597.477,0.501643,10,8
605,hf,"16,47,39,29,22,9","18,21,3,34,27,19",1476.048,1598.745,0.330417,10,14
606,box,"22,16,14,35,4,43","47,15,39,25,34,21",1552.802,1446.322,0.648613,10,5
607,hf,"13,4,41,10,14,9","6,12,38,36,44,16",1626.035,1504.915,0.667572,10,8
608,hf,"11,47,13,16,28,12","39,45,20,19,37,29",1524.52,1449.042,0.606945,15,11
609,hf,"31,6,24,26,25,11","48,29,28,33,40,10",1581.858,1435.108,0.699467,11,7
610,box,"25,28,6,20,39,35","10,36,12,17,48,30",1530.123,1478.328,0.573992,10,5
611,hf,"46,31,13,10,48,1","43,33,24,32,26,27",1488.495,1477.705,0.515523,9,10
612,hf,"42,38,5,27,3,8","25,37,11,13,28,17",1587.345,1560.215,0.538964,10,11
613,hf,"41,45,24,47,4,42","25,28,16,40,31,3",1394.153,1560.202,0.27771,9,12
614,hf,"2,45,43,42,10,17","39,30,44,46,16,11",1491.348,1432.558,0.583807,4,3
615,hf,"26,46,38,6,34,13","28,11,42,17,20,33",1488.733,1530.108,0.440736,8,9
616,box,"27,47,6,7,41,37","23,10,18,14,26,20",1465.917,1595.688,0.32147,8,13
617,box,"45,27,34,47,42,19","28,11,12,24,40,9",1371.25,1569.688,0.241898,10,17
618,box,"14,12,13,4,47,46","17,27,29,7,11,6",1498.6,1619.157,0.333148,7,10
619,box,"38,16,31,32,44,7","1,4,18,42,48,3",1489.318,1586.15,0.364147,6,10
620,box,"18,32,31,22,39,28","45,24,42,21,16,41",1505.633,1441.84,0.590788,7,11
621,hf,"7,1,30,45,26,9","2,39,8,34,18,16",1584.428,1595.76,0.483698,6,5
622,box,"27,43,13,1,41,21","2,44,24,3,47,29",1541.227,1521.598,0.528217,10,2
623,box,"31,43,45,7,25,19","39,13,10,34,37,33",1470.402,1503.028,0.453184,12,8
624,hf,"30,11,29,8,31,43","35,16,41,14,47,6",1517.07,1468.865,0.568931,15,8
625,box,"21,25,18,15,17,43","31,8,9,35,32,6",1535.123,1577.487,0.439335,9,11
626,box,"5,42,22,25,45,47","43,36,28,15,39,17",1416.858,1469.605,0.424669,12,8
627,box,"48,8,37,24,9,21","25,46,1,20,4,35",1497.09,1576.34,0.387888,7,9
628,box,"44,9,34,43,39,38","15,7,26,1,35,30",1410.487,1607.742,0.243149,4,10
629,box,"44,30,10,39,19,46","3,45,21,20,33,8",1432.102,1565.002,0.317554,4,10
630,hf,"14,32,19,25,4,22","10,48,15,44,12,47",1603.435,1389.793,0.773787,15,11
631,hf,"11,2,36,26,22,28","31,23,45,40,5,34",1592.883,1468.39,0.671867,14,11
632,hf,"45,36,26,7,9,21","38,4,20,30,11,37",1522.723,1556.135,0.452064,9,8
633,box,"14,13,42,1,24,37","7,10,25,28,11,4",1572.673,1652.327,0.387337,6,10
634,box,"33,42,22,38,28,10","41,26,16,3,8,40",1497.387,1561.463,0.408818,10,5
635,box,"45,43,47,6,30,42","25,18,29,24,1,8",1353.25,1631.858,0.167451,8,16
636,hf,"15,2,38,37,45,31","18,7,46,12,25,43",1494.348,1494.303,0.500065,8,9
637,hf,"21,5,46,35,12,26","2,43,36,45,34,32",1518.46,1450.562,0.596488,7,6
638,box,"42,8,14,43,47,12","39,45,1,36,29,21",1442.265,1499.043,0.419009,10,7
639,box,"3,6,8,33,20,24","35,11,28,1,16,44",1644.418,1560.487,0.618491,11,5
640,hf,"35,29,9,37,32,21","34,23,39,48,33,14",1514.842,1429.072,0.620985,9,6
641,box,"3,13,10,20,14,9","39,36,44,38,23,18",1671.972,1436.498,0.795026,10,5
642,box,"25,42,11,26,30,6","17,28,10,35,14,5",1543.76,1596.923,0.424083,4,10
643,hf,"37,43,42,33,39,11","27,10,21,28,25,2",1421.633,1618.288,0.243785,9,14
644,hf,"35,8,44,36,27,5","22,41,6,24,42,18",1509.387,1519.833,0.484971,9,8
645,hf,"15,25,7,8,12,34","20,38,32,46,43,23",1607.862,1420.115,0.746637,12,5
646,hf,"39,7,4,11,21,25","12,23,35,36,26,31",1612.367,1510.027,0.643162,13,10
647,hf,"46,10,43,9,47,25","37,18,4,24,16,27",1414.21,1584.188,0.273195,12,19
648,hf,"30,33,19,18,28,34","15,20,6,41,27,21",1522.062,1561.313,0.443751,8,11
649,hf,"6,11,37,4,48,19","36,32,1,28,33,9",1537.597,1578.473,0.441444,7,13
650,hf,"45,8,26,1,40,13","48,28,35,23,16,34",1549.603,1442.487,0.649448,13,8
651,box,"11,44,34,15,12,5","24,9,33,23,4,28",1558.862,1604.552,0.434623,6,10
652,hf,"35,8,19,20,31,46","17,14,1,37,26,41",1496.33,1565.277,0.40206,6,11
653,box,"3,30,40,32,4,23","1,46,47,22,20,43",1588.433,1437.738,0.704219,12,9
654,box,"1,7,28,32,13,6","34,33,10,27,8,45",1655.138,1507.288,0.700796,10,4
655,box,"24,20,48,28,12,35","18,7,29,40,11,9",1467.667,1583.945,0.338642,7,9
656,hf,"13,8,48,19,3,9","26,27,22,44,11,46",1581.475,1459.958,0.668078,15,6
657,hf,"8,27,32,36,46,9","21,26,33,25,43,48",1500.843,1413.83,0.622668,9,6
658,box,"23,33,1,44,16,4","22,28,39,46,41,31",1600.445,1419.658,0.738983,10,6
659,hf,"10,47,33,12,16,18","8,17,44,28,13,31",1513.068,1530.198,0.475368,5,6
660,hf,"12,13,38,41,45,10","15,8,9,26,3,18",1482.567,1657.743,0.267293,6,13
661,box,"40,13,6,4,25,27","34,20,15,48,22,28",1595.357,1470.927,0.671787,10,6
662,hf,"18,24,48,23,27,16","21,4,12,3,1,41",1487.98,1681.66,0.246956,8,12
663,hf,"18,39,7,28,12,17","32,24,22,20,8,46",1572.987,1516.332,0.580818,6,8
664,hf,"24,48,38,34,39,47","16,18,14,46,25,6",1327.683,1548.03,0.219528,9,17
665,hf,"8,3,38,42,13,44","29,7,5,35,22,20",1524.513,1590.165,0.406628,10,13
666,box,"3,9,13,27,36,17","44,23,24,29,8,28",1616.268,1520.807,0.634025,10,8
667,hf,"2,11,39,18,9,19","3,37,4,13,26,32",1624.663,1614.493,0.514632,7,9
668,box,"33,25,36,47,26,39","18,14,12,1,11,37",1409.208,1632.048,0.217079,2,7
669,box,"30,33,46,34,17,20","15,19,18,36,8,11",1469.2,1592.185,0.33005,6,10
670,box,"18,9,48,4,42,16","14,35,8,1,23,24",1513.872,1625.757,0.344329,5,11
671,box,"9,27,40,19,21,4","41,1,23,15,18,12",1590.173,1606.105,0.477089,4,3
672,box,"38,7,45,25,42,17","41,44,39,36,14,29",1467.398,1424.712,0.561124,5,4
673,box,"10,29,15,28,24,48","31,6,32,12,30,39",1492.862,1527.86,0.449803,4,10
674,box,"19,2,20,11,12,26","39,13,5,10,40,28",1641.173,1548.233,0.63065,10,3
675,box,"34,9,1,39,7,25","43,2,8,46,3,47",1610.088,1493.288,0.66203,11,7
676,box,"1,48,7,35,22,6","13,9,31,37,29,11",1560.302,1560.727,0.499388,10,9
677,box,"35,8,2,3,7,48","19,44,33,27,10,1",1595.702,1569.06,0.538265,6,10
678,box,"15,44,25,47,8,32","11,45,48,7,19,23",1447.608,1466.55,0.472768,10,9
679,hf,"3,39,10,12,28,34","22,47,45,44,46,20",1585.52,1323.725,0.818618,16,11
680,hf,"18,32,43,24,17,5","1,10,41,21,40,25",1540.873,1564.003,0.466762,11,6
681,box,"8,37,28,18,10,6","21,9,12,25,23,42",1598.297,1557.592,0.558313,10,6
682,hf,"9,42,16,25,27,36","32,35,41,47,40,38",1520.46,1350.863,0.726369,12,9
683,hf,"27,34,37,45,15,6","16,24,1,14,2,41",1488.992,1646.522,0.287652,6,15
684,box,"4,23,24,9,19,30","10,36,27,16,14,15",1615.76,1577.7,0.554555,10,5
685,box,"2,45,28,24,4,7","38,5,31,39,11,48",1611.917,1452.055,0.715091,12,7
686,box,"27,10,12,31,9,34","20,45,48,22,29,1",1576.5,1473.477,0.644065,14,9
687,hf,"12,33,11,1,26,28","30,36,17,37,47,20",1618.505,1431.772,0.745532,12,8
688,hf,"6,34,25,9,14,26","40,4,15,43,12,36",1592.81,1516.9,0.607538,13,8
689,box,"31,21,42,46,26,25","11,4,24,28,13,18",1446.973,1628.342,0.260371,7,14
690,hf,"2,16,19,11,35,7","5,14,39,1,20,13",1639.15,1638.735,0.500597,7,10
691,hf,"37,48,3,47,31,46","4,21,6,20,1,23",1349.042,1688.427,0.124155,6,15
692,box,"21,26,23,9,44,7","22,27,33,43,40,10",1554.893,1481.035,0.604718,7,4
693,hf,"3,19,11,10,44,30","6,41,42,15,14,45",1583.655,1474.04,0.652715,17,11
694,box,"34,47,39,42,48,22","29,9,43,19,24,28",1317.717,1526.852,0.230786,3,10
695,hf,"40,39,5,10,37,41","32,7,1,45,20,36",1481.335,1548.587,0.404408,6,10
696,hf,"30,21,11,19,46,5","18,37,24,23,6,43",1541.2,1519.373,0.53137,10,9
697,hf,"17,29,42,9,8,37","32,3,24,19,26,27",1536.76,1589.83,0.424215,8,12
698,hf,"40,21,24,6,44,27","33,29,17,3,4,16",1499.828,1640.98,0.307351,7,10
699,hf,"7,19,25,11,37,26","5,15,46,30,6,23",1572.728,1551.993,0.529805,9,6
700,box,"6,12,7,26,28,13","45,22,5,21,41,32",1622.34,1488.223,0.683962,10,5
701,hf,"35,10,31,47,41,14","21,37,3,39,25,4",1441.483,1593.15,0.294617,9,12
702,box,"31,14,4,47,2,28","18,17,12,6,10,5",1564.33,1655.608,0.371581,8,14
703,box,"27,34,14,43,17,12","4,6,28,22,20,11",1521.192,1642.815,0.331786,5,10
704,box,"11,45,28,23,37,25","1,36,39,13,5,10",1487.083,1618.188,0.319798,6,13
705,box,"48,47,21,1,10,30","44,32,46,8,27,17",1463.237,1460.578,0.503826,7,10
706,hf,"29,41,38,7,3,14","13,27,35,11,25,43",1572.725,1511.267,0.587535,12,7
707,hf,"1,24,47,2,20,44","33,8,32,30,27,38",1540.57,1510.23,0.543552,10,9
708,box,"22,8,12,30,28,24","46,36,39,11,35,44",1578.675,1391.335,0.746194,10,3
709,hf,"19,45,40,7,6,47","44,2,46,27,43,32",1445.142,1434.603,0.515161,6,7
710,box,"33,38,3,43,19,27","14,15,30,36,25,8",1520.052,1562.797,0.438794,15,10
711,hf,"27,42,46,26,1,24","15,33,19,18,17,20",1508.647,1576.28,0.403879,8,9
712,hf,"27,3,1,2,10,24","34,39,21,22,11,37",1723.573,1508.598,0.775128,18,12
713,box,"13,40,42,26,4,37","28,9,25,12,45,21",1508.758,1531.865,0.466796,8,12
714,box,"41,37,26,48,17,36","11,21,14,6,39,2",1394.333,1632.887,0.2021,4,10
715,box,"46,35,6,37,25,2","9,30,23,12,16,15",1524.247,1598.243,0.395092,6,8
716,hf,"25,17,43,4,18,6","10,41,2,38,7,8",1588.505,1610.222,0.468788,11,8
717,box,"12,6,5,32,24,14","26,7,45,2,27,46",1623.795,1507.267,0.66168,10,5
718,hf,"21,41,29,11,12,20","1,44,37,39,3,8",1553.197,1576.017,0.467207,7,8
719,hf,"35,1,11,34,17,8","13,39,2,48,40,45",1618.237,1414.915,0.76322,18,10
720,hf,"8,14,2,21,9,15","6,44,18,40,31,13",1672.682,1503.372,0.726041,12,9
721,hf,"19,30,32,28,33,26","13,17,12,42,18,43",1515.547,1510.097,0.507843,7,6
722,box,"14,47,32,28,29,45","39,18,21,7,25,43",1410.49,1514.237,0.354981,9,10
723,box,"29,11,3,33,17,38","27,19,39,34,23,26",1581.5,1510.078,0.60136,11,8
724,hf,"23,16,5,14,43,24","44,10,21,8,1,40",1562.762,1572.318,0.48625,10,12
725,box,"21,15,36,5,25,19","39,14,34,41,7,46",1580.195,1454.168,0.67381,4,3
726,hf,"5,37,42,27,44,28","21,46,13,40,4,32",1465.095,1508.072,0.438465,7,8
727,box,"11,39,21,38,25,16","37,2,19,41,42,1",1528.693,1567.978,0.443704,4,7
728,box,"34,3,22,42,2,5","31,7,27,20,18,21",1631.292,1579.527,0.573949,5,10
729,box,"26,20,45,30,32,42","8,24,40,7,2,15",1439.02,1628.85,0.251101,6,12
730,hf,"45,47,28,15,11,6","13,24,35,1,4,17",1469.808,1650.645,0.260961,7,12
731,hf,"20,5,17,22,40,25","18,11,9,38,30,8",1565.505,1583.477,0.47416,4,3
732,hf,"27,41,29,43,8,34","45,16,37,31,32,18",1470.103,1463.587,0.509377,10,9
733,hf,"19,46,6,23,36,16","42,14,5,40,32,4",1516.352,1554.377,0.445495,8,7
734,box,"32,7,22,14,38,34","33,21,20,30,10,42",1540.555,1522.295,0.526254,10,5
735,box,"40,33,13,26,46,5","18,28,11,20,37,7",1487.897,1578.8,0.372085,4,10
736,box,"30,12,18,2,31,43","34,29,23,17,8,36",1553.325,1540.998,0.517732,10,8
737,hf,"4,29,18,24,7,48","42,25,28,13,19,39",1541.133,1500.932,0.557598,8,7
738,box,"28,7,44,4,42,16","8,15,46,45,3,37",1540.153,1494.755,0.564964,10,7
739,hf,"46,26,47,48,7,15","18,32,14,11,40,23",1369.762,1545.2,0.266999,5,9
740,hf,"1,7,12,33,40,31","20,16,11,21,5,44",1589.213,1570.397,0.527053,9,7
741,box,"31,28,22,2,12,17","5,11,1,39,23,48",1610.798,1546.912,0.590918,9,7
742,box,"37,44,19,15,34,33","11,10,7,40,20,22",1467.592,1590.832,0.329726,0,10
743,hf,"32,17,24,30,1,23","20,22,34,39,31,8",1596.493,1527.902,0.597449,8,6
744,hf,"27,15,43,10,23,32","2,16,37,28,24,14",1523.547,1596.838,0.396062,12,16
745,box,"41,7,18,48,44,35","29,34,12,17,23,22",1399.628,1557.978,0.286686,9,10
746,box,"3,38,34,45,22,40","8,28,30,37,23,19",1474.092,1543.633,0.401237,10,6
747,box,"34,19,40,36,43,11","20,32,47,5,46,1",1459.065,1497.493,0.444922,5,10
748,box,"1,28,23,43,48,4","17,9,46,19,33,36",1521.25,1495.658,0.536763,14,13
749,hf,"38,6,19,15,3,31","23,16,25,28,26,7",1605.523,1581.98,0.53383,6,7
750,box,"28,44,21,38,9,13","17,47,27,36,43,20",1513.017,1418.668,0.632536,12,10
751,box,"12,25,28,7,9,34","29,21,33,23,30,39",1593.262,1501.075,0.629639,10,7
752,hf,"36,2,27,6,9,40","20,16,38,33,24,44",1590.642,1483.402,0.649609,12,5
753,box,"4,26,9,47,43,1","30,34,42,48,6,39",1546.473,1404.917,0.693145,11,6
754,hf,"19,37,31,45,22,4","8,38,33,43,14,34",1511.688,1488.142,0.533835,8,7
755,box,"44,41,10,20,47,45","1,32,40,13,8,5",1363.557,1626.492,0.18041,5,11
756,hf,"14,7,31,2,33,29","26,4,8,20,42,46",1609.317,1524.973,0.61905,9,4
757,box,"35,17,40,44,29,43","46,8,28,10,2,12",1405.785,1595.902,0.250791,5,10
758,box,"45,35,13,31,48,19","43,7,38,32,24,18",1400.745,1503.605,0.356151,5,10
759,hf,"28,10,2,19,30,8","37,25,1,38,20,3",1634.977,1610.987,0.53447,7,8
760,hf,"23,9,30,46,18,1","11,48,33,40,14,41",1569.428,1420.595,0.701982,9,7
761,box,"12,42,10,23,47,37","22,30,9,18,20,26",1450.977,1575.322,0.328321,4,9
762,hf,"39,43,12,37,33,47","34,17,9,21,38,23",1378.737,1548.073,0.273929,6,11
763,box,"2,47,11,15,7,43","44,32,31,21,45,16",1533.235,1437.727,0.634087,10,4
764,hf,"27,5,4,40,17,8","3,47,29,24,2,12",1617.625,1583.658,0.548727,12,11
765,hf,"37,36,13,46,17,32","29,19,15,45,11,28",1455.435,1519.813,0.408398,9,12
766,hf,"41,43,7,14,3,9","1,24,27,37,35,5",1580.337,1590.585,0.485256,10,6
767,hf,"34,32,13,14,37,31","33,23,41,36,9,5",1512.447,1537.843,0.463516,8,5
768,hf,"9,34,20,7,8,32","15,4,39,35,22,2",1600.17,1607.877,0.488911,9,6
769,box,"46,23,5,11,19,48","35,37,16,34,33,20",1469.045,1494.102,0.464003,10,5
770,hf,"17,42,2,3,22,27","48,13,44,4,9,14",1621.147,1510.43,0.654151,5,2
771,box,"43,4,16,32,5,37","40,3,23,44,27,6",1551.175,1543.793,0.510621,8,11
772,hf,"32,33,15,42,23,28","31,20,46,2,4,39",1499.96,1551.542,0.426309,6,7
773,box,"44,48,2,36,31,4","25,42,9,28,39,45",1479.822,1448.482,0.54498,10,3
774,hf,"13,22,28,4,16,15","6,38,1,43,27,35",1625.402,1538.35,0.62272,10,7
775,hf,"47,16,4,5,46,9","29,12,19,3,21,23",1521.688,1621.142,0.36066,3,12
776,hf,"9,39,26,31,43,8","5,42,17,35,14,32",1506.962,1532.382,0.463483,5,10
777,box,"29,46,20,24,36,19","42,16,34,18,21,35",1480.443,1499.688,0.472333,4,10
778,box,"18,6,14,9,34,15","20,36,46,8,24,10",1613.223,1522.407,0.627798,11,8
779,box,"8,2,32,3,18,44","38,25,20,6,4,43",1618.123,1554.853,0.59006,6,10
780,hf,"15,14,25,12,43,28","35,4,20,3,42,23",1538.075,1593.402,0.421045,5,7
781,hf,"17,38,14,2,22,40","28,42,4,7,36,25",1566.657,1556.622,0.514438,13,14
782,hf,"35,30,28,37,45,34","17,11,25,47,16,9",1420.372,1531.673,0.345087,10,13
783,hf,"18,6,16,35,19,22","37,26,3,48,24,39",1582.853,1464.52,0.664002,7,3
784,box,"39,1,8,20,37,43","21,17,12,29,30,2",1536.768,1610.333,0.395686,7,10
785,box,"36,14,27,4,38,6","18,40,48,21,5,29",1581.383,1472.587,0.651646,8,4
786,hf,"9,15,41,12,10,40","42,4,47,8,3,45",1550.127,1496.467,0.576615,7,9
787,hf,"46,15,4,17,45,2","23,35,3,39,16,42",1548.22,1526.067,0.531838,10,8
788,hf,"14,21,37,24,44,27","5,28,19,10,2,47",1494.518,1577.833,0.382347,11,12
789,box,"42,24,31,19,40,2","11,47,3,45,10,43",1528.573,1459.975,0.597458,11,9
790,hf,"38,46,23,14,25,48","3,10,44,6,5,15",1402.187,1637.543,0.205083,7,16
791,box,"47,27,35,8,34,4","39,31,44,40,29,21",1500.99,1428.445,0.602909,10,5
792,hf,"16,24,15,30,21,8","48,29,27,47,6,23",1589.478,1414.048,0.732992,14,8
793,hf,"31,39,15,29,27,46","37,9,35,16,44,41",1454.658,1455.247,0.499153,8,9
794,box,"27,48,33,10,37,32","41,13,12,30,1,11",1438.1,1605.017,0.276708,9,13
795,hf,"48,7,9,3,28,2","11,5,46,33,34,25",1612.04,1513.367,0.638304,11,9
796,box,"36,16,46,19,8,22","43,38,39,7,3,5",1513.625,1556.393,0.43876,7,10
797,hf,"28,19,31,45,9,12","38,33,6,10,1,24",1522.142,1617.7,0.365846,8,9
798,hf,"12,33,38,18,7,15","20,32,22,4,37,34",1570.405,1551.372,0.527364,5,8
799,box,"21,25,48,12,10,3","14,28,34,18,37,46",1556.332,1469.258,0.622749,10,7
800,hf,"29,15,11,19,17,39","7,47,18,10,42,14",1558.53,1503.738,0.578204,13,9
801,hf,"3,35,47,13,1,32","2,24,14,19,37,28",1558.81,1593.767,0.449862,6,9
802,hf,"8,46,47,48,29,28","32,17,6,9,18,45",1349.732,1546.225,0.243957,4,10
803,hf,"15,47,5,21,11,33","22,18,30,43,46,45",1525.702,1392.12,0.683295,12,7
804,hf,"46,34,21,13,36,43","41,3,1,16,9,25",1428.097,1652.043,0.215998,8,14
805,box,"31,10,32,12,46,19","9,13,6,34,14,1",1510.078,1663.965,0.291968,6,10
806,box,"3,27,45,17,40,25","41,38,16,23,31,34",1515.147,1477.478,0.553998,7,10
807,hf,"32,48,41,26,39,23","35,31,19,7,15,8",1395.26,1583.8,0.2525,5,13
808,hf,"27,29,21,16,43,28","8,12,30,46,42,23",1507.158,1485.312,0.531399,5,7
809,box,"32,39,27,44,16,2","19,18,33,14,46,4",1518.265,1549.185,0.45562,4,5
810,hf,"28,26,17,4,18,32","15,22,3,20,29,27",1589.117,1610.287,0.469572,7,6
811,hf,"8,40,47,22,9,39","35,2,41,25,6,45",1462.028,1516.65,0.422034,6,7
812,box,"34,14,24,35,13,11","45,26,15,19,43,46",1559.482,1406.272,0.707226,14,9
813,box,"3,2,34,7,33,26","32,48,11,19,20,47",1644.46,1411.975,0.792209,11,5
814,hf,"8,25,42,26,9,18","6,5,41,33,27,2",1562.467,1607.987,0.434864,7,6
815,box,"48,38,26,13,39,20","21,28,33,2,43,18",1431.595,1551.187,0.334384,9,16
816,box,"25,19,28,6,15,27","36,18,31,47,35,33",1586.702,1415.557,0.728137,12,6
817,box,"24,35,46,7,29,15","37,2,26,43,44,48",1505.567,1398.49,0.649395,11,7
818,hf,"41,6,7,36,11,14","32,38,16,47,10,26",1576.762,1464.575,0.656063,9,8
819,hf,"37,15,4,32,17,27","20,22,10,3,21,48",1571.878,1552.632,0.52767,8,9
820,hf,"36,32,35,47,21,42","16,44,30,31,33,48",1389.027,1396.27,0.489578,7,9
821,box,"45,5,25,9,1,11","34,8,43,13,29,41",1619.847,1485.705,0.683993,10,7
822,hf,"32,9,36,27,26,1","19,8,28,42,18,34",1587.947,1531.343,0.580746,8,7
823,hf,"19,34,44,14,40,24","47,39,17,31,30,45",1475.517,1376.477,0.638791,12,6
824,box,"9,11,34,31,1,21","27,12,10,45,5,44",1623.505,1507.623,0.660846,13,9
825,hf,"22,7,4,40,30,39","11,5,23,36,15,45",1550.288,1533.783,0.523735,11,12
826,box,"28,38,20,24,40,26","17,36,35,13,5,10",1494.555,1578.592,0.381366,7,10
827,hf,"9,34,38,42,25,22","37,46,39,18,31,14",1499.66,1448.087,0.57368,10,7
828,box,"40,10,47,11,31,1","21,5,4,9,33,29",1523.302,1632.102,0.348349,6,8
829,hf,"16,36,26,25,45,31","23,20,34,21,40,6",1467.728,1542.557,0.393948,3,8
830,box,"41,18,46,10,28,36","29,32,17,8,43,44",1460.647,1470.022,0.486512,3,6
831,box,"23,47,28,14,40,36","13,25,24,12,1,42",1431.627,1598.218,0.277083,6,10
832,hf,"7,24,17,33,1,39","18,3,42,31,26,41",1601.872,1521.142,0.614133,7,5
833,box,"4,37,2,31,39,41","30,32,12,45,35,7",1544.682,1491.365,0.576132,10,5
834,hf,"9,6,27,8,4,29","41,44,21,7,35,18",1654.865,1485.555,0.726041,16,10
835,box,"2,22,44,21,11,38","24,34,1,26,27,4",1553.173,1629.395,0.392035,4,10
836,box,"6,12,29,3,18,39","13,33,27,47,1,20",1611.607,1533.81,0.610124,10,7
837,hf,"45,6,37,30,47,8","44,12,42,41,21,2",1433.055,1500.807,0.403715,9,12
838,box,"6,47,16,20,44,42","13,9,45,4,25,19",1432.35,1578.09,0.301757,7,12
839,hf,"13,18,48,12,19,17","29,43,6,32,23,24",1517.003,1519.235,0.496788,9,8
840,box,"11,3,38,25,10,35","37,14,28,23,19,41",1590.57,1510.59,0.61311,11,6
841,box,"18,6,33,14,17,45","30,44,3,8,34,12",1536.442,1561.042,0.464657,8,10
842,box,"3,21,45,7,41,23","1,11,27,31,22,38",1543.298,1587.462,0.436784,5,10
843,hf,"12,2,29,40,30,38","37,28,26,31,16,17",1539.592,1525.523,0.520235,7,8
844,hf,"3,15,33,7,27,28","18,37,26,38,2,11",1616.438,1572.22,0.563294,10,4
845,box,"34,13,37,9,45,43","22,4,6,20,10,23",1444.753,1651.91,0.232814,6,11
846,box,"12,20,47,6,48,16","14,28,45,43,10,36",1449.623,1456.54,0.490047,6,10
847,box,"44,26,45,14,31,43","25,30,16,7,42,9",1399.343,1560.607,0.283268,5,11
848,hf,"19,44,28,39,26,35","5,23,32,38,2,15",1453.113,1606.948,0.29203,8,13
849,box,"24,22,33,1,40,39","26,5,15,9,32,13",1538.852,1610.683,0.398074,7,10
850,hf,"12,28,10,19,20,25","31,3,17,27,48,11",1593.133,1528.553,0.591882,14,9
851,box,"23,44,7,42,26,1","11,21,9,37,33,25",1547.172,1558.242,0.484074,4,10
852,hf,"4,20,28,17,41,8","39,29,33,24,31,22",1592.268,1498.953,0.631153,11,7
853,hf,"12,28,35,25,44,6","10,1,22,38,17,13",1517.99,1625.222,0.350401,4,5
854,box,"28,4,30,19,3,8","32,46,24,47,40,17",1655.843,1383.258,0.827659,10,3
855,hf,"18,12,19,23,27,2","29,21,20,3,8,45",1627.21,1571.222,0.579883,8,9
856,box,"35,7,9,10,41,32","28,18,23,30,16,34",1552.313,1540.013,0.517694,6,10
857,hf,"47,41,7,25,33,6","22,48,20,28,26,2",1481.158,1522.572,0.440682,5,4
858,box,"6,28,8,13,37,17","20,40,33,35,16,4",1591.947,1543.043,0.569916,10,4
859,box,"12,18,33,43,3,39","26,48,19,47,1,27",1533.89,1449.602,0.618976,10,3
860,hf,"30,39,41,21,7,15","43,2,45,42,5,19",1518.597,1500.022,0.526706,8,9
861,hf,"39,22,35,25,31,36","1,47,41,21,23,29",1471.533,1498.557,0.461189,8,7
862,box,"11,44,25,17,26,3","37,6,32,36,23,41",1572.833,1487.725,0.620088,10,6
863,box,"21,29,44,30,2,10","40,38,11,23,37,28",1560.29,1484.922,0.606794,10,3
864,box,"48,32,16,25,35,9","45,39,8,7,26,14",1468.395,1524.468,0.419997,12,10
865,hf,"48,26,36,27,23,14","45,39,18,21,24,7",1456.52,1506.573,0.428462,5,6
866,box,"33,35,47,26,15,45","32,30,19,29,11,12",1394.137,1559.628,0.278353,6,13
867,box,"42,12,44,7,25,38","48,27,41,40,13,2",1480.515,1462.023,0.526587,1,10
868,hf,"47,27,2,21,40,16","11,37,31,6,24,46",1503.143,1503.44,0.499573,5,6
869,hf,"13,11,30,24,16,12","31,48,21,9,19,5",1595.29,1521.448,0.604695,12,9
870,box,"16,44,39,29,48,12","30,33,8,46,22,11",1410.345,1514.073,0.355006,5,10
871,hf,"44,48,27,34,31,25","5,46,17,35,8,39",1391.125,1505.023,0.341717,8,9
872,box,"4,19,26,3,24,46","33,41,29,28,8,7",1589.835,1543.903,0.565719,10,3
873,box,"11,24,27,43,22,10","16,31,14,17,7,44",1545.805,1546.57,0.498899,5,10
874,box,"17,22,19,45,29,47","44,48,37,18,3,9",1431.828,1474.117,0.439441,10,8
875,box,"19,20,46,11,37,41","47,31,29,48,10,9",1465.152,1418.523,0.566704,10,8
876,box,"14,38,20,10,47,1","17,24,33,34,26,31",1543.908,1519.168,0.535544,7,8
877,box,"21,34,24,25,32,42","11,47,31,12,40,45",1494.28,1406.128,0.624207,10,5
878,hf,"15,10,18,39,8,42","13,23,32,30,37,1",1545.627,1574.187,0.458991,5,7
879,hf,"15,13,24,43,3,26","41,7,22,33,5,18",1575.982,1571.458,0.506509,3,4
880,hf,"4,29,37,34,16,44","17,12,43,15,30,41",1508.835,1492.858,0.522976,8,7
881,hf,"13,47,5,9,34,20","4,14,15,16,38,31",1530.547,1588.627,0.417186,5,8
882,hf,"41,5,13,31,8,29","6,45,46,7,35,14",1564.743,1481.688,0.6173,10,7
883,box,"28,8,29,42,13,38","41,40,30,1,17,27",1514.925,1533.292,0.473593,8,10
884,hf,"42,20,17,35,16,22","18,36,33,47,29,8",1521.125,1464.51,0.580762,7,8
885,box,"33,31,32,11,12,5","28,20,7,29,22,35",1576.477,1556.355,0.528925,7,10
886,box,"20,21,34,31,7,48","40,14,37,10,47,11",1479.597,1467.473,0.51744,10,7
887,box,"21,34,31,42,39,27","18,15,17,46,20,24",1460.785,1526.95,0.405916,10,9
888,hf,"28,37,26,27,1,46","4,45,23,9,30,18",1514.528,1558.095,0.437629,13,10
889,box,"19,24,2,21,28,25","45,36,41,13,14,33",1610.348,1452.097,0.713199,11,7
890,box,"47,31,38,48,3,43","25,32,16,18,46,42",1360.49,1461.192,0.359005,7,12
891,hf,"29,19,8,31,9,5","21,27,10,40,38,20",1614.505,1520.482,0.632101,7,6
892,hf,"21,37,35,43,17,36","34,19,2,9,5,48",1451.235,1562.825,0.344712,10,11
893,hf,"48,14,12,21,30,15","44,24,22,13,17,38",1499.98,1503.975,0.494251,9,12
894,hf,"28,26,32,4,34,45","33,24,2,37,48,3",1503.603,1533.825,0.456617,9,10
895,hf,"19,37,22,41,5,44","47,6,36,8,35,11",1484.677,1498.64,0.479916,9,14
896,hf,"40,42,13,5,44,28","18,30,29,10,22,45",1472.123,1508.863,0.447323,9,8
897,box,"48,28,2,26,37,19","1,40,25,46,42,15",1494.807,1489.627,0.507454,6,4
898,box,"35,30,42,43,13,37","23,45,10,44,40,14",1425.682,1449.105,0.466342,10,5
899,box,"9,35,23,5,21,44","15,14,13,20,11,28",1541.648,1605.668,0.408897,4,10
900,box,"29,8,25,2,48,14","46,4,44,40,26,13",1548.345,1463.81,0.61931,10,9
901,box,"12,33,38,34,8,11","14,44,32,39,23,21",1552.163,1482.095,0.599491,11,7
902,hf,"33,8,30,2,1,25","27,26,7,23,24,20",1655.337,1581.705,0.604406,10,9
903,box,"20,15,45,6,42,44","25,31,2,18,21,3",1453.248,1648.695,0.24507,9,14
904,box,"10,9,45,31,3,4","39,14,19,24,27,11",1616.21,1557.685,0.583437,7,6
905,hf,"43,12,24,8,11,2","32,14,20,26,46,17",1611.47,1504.818,0.648838,11,7
906,box,"2,31,3,10,27,46","35,25,39,34,11,38",1596.793,1478.537,0.663904,10,7
907,hf,"5,8,31,30,27,35","29,9,39,1,20,46",1557.185,1542.585,0.520999,12,9
908,box,"24,40,43,7,31,32","37,13,9,15,33,47",1477.338,1483.435,0.491227,3,10
909,hf,"19,40,7,16,15,17","12,20,22,30,38,34",1577.917,1523.157,0.57816,13,11
910,box,"21,28,24,43,10,38","3,25,4,13,12,1",1504.007,1722.79,0.221074,7,15
911,box,"21,1,37,31,45,23","13,41,46,26,29,14",1522.265,1475.513,0.566878,10,7
912,hf,"33,22,47,12,17,46","32,36,30,7,43,34",1431.155,1471.223,0.442591,9,7
913,box,"35,9,7,15,30,8","43,36,19,47,23,20",1599.993,1423.152,0.734579,5,4
914,hf,"33,12,26,48,13,10","15,2,44,23,34,43",1500.685,1504.975,0.493827,8,11
915,hf,"35,15,45,34,11,24","44,7,42,47,10,48",1489.455,1355.22,0.684109,5,4
916,box,"18,4,26,19,25,34","27,31,30,21,9,20",1587.703,1557.94,0.542728,6,5
917,hf,"40,39,5,4,27,9","10,31,11,16,26,48",1580.603,1501.81,0.611488,10,8
918,hf,"23,5,15,18,9,26","8,38,10,14,29,40",1619.745,1541.865,0.610238,10,7
919,hf,"8,34,20,47,7,41","39,31,15,29,46,48",1480.68,1376.718,0.645302,8,6
920,hf,"47,22,18,3,25,17","8,41,30,28,38,11",1541.692,1517.305,0.535038,4,6
921,hf,"15,34,7,6,39,44","24,16,32,28,27,4",1521.225,1586.23,0.407527,10,12
922,box,"18,17,41,33,22,27","47,23,6,1,7,32",1520.22,1573.542,0.423861,10,4
923,hf,"46,32,36,39,37,25","45,34,43,3,7,38",1406.347,1483.908,0.390198,9,14
924,box,"24,38,44,39,27,26","3,23,29,30,37,34",1445.143,1545.56,0.359383,8,10
925,hf,"28,43,2,14,37,12","46,41,22,7,19,27",1553.437,1492.51,0.586793,6,9
926,hf,"44,23,47,16,18,29","4,21,30,17,11,14",1440.082,1624.57,0.256927,5,12
927,box,"48,26,23,12,32,6","22,46,40,35,15,21",1497.505,1458.737,0.555562,3,10
928,box,"32,41,12,25,13,17","48,23,22,29,24,11",1539.005,1490.132,0.569874,8,12
929,box,"45,42,36,19,46,35","12,26,40,5,13,6",1365.273,1597.34,0.208188,4,10
930,box,"17,10,46,22,35,23","26,9,25,7,19,37",1507.27,1577.368,0.400467,10,13
931,box,"10,43,18,2,32,15","47,16,42,29,14,48",1580.487,1373.703,0.766802,11,6
932,hf,"29,27,36,46,37,13","47,12,34,38,26,44",1450.38,1397.27,0.575842,4,6
933,hf,"24,17,28,48,45,16","21,35,23,5,9,42",1430.288,1553.605,0.329628,7,12
934,hf,"35,38,9,7,33,31","48,21,45,39,15,23",1529.327,1403.575,0.673462,7,5
935,box,"15,30,18,37,4,47","40,29,32,38,28,5",1499.172,1501.523,0.496616,5,10
936,box,"23,31,46,10,5,48","44,18,37,17,2,32",1453.627,1530.733,0.390821,5,10
937,hf,"43,29,20,35,44,46","22,15,37,33,27,10",1379.51,1545.197,0.278127,7,14
938,hf,"1,40,4,23,38,8","5,47,42,34,27,11",1615.895,1467.885,0.700989,14,10
939,hf,"12,48,2,42,32,8","22,6,7,26,37,25",1507.61,1578.92,0.398794,9,10
940,box,"22,12,7,20,23,47","28,17,32,6,43,41",1527.407,1490.373,0.553094,10,6
941,hf,"7,34,17,2,39,4","36,43,24,48,11,1",1632.992,1477.508,0.709928,11,7
942,box,"25,20,2,37,45,24","5,12,13,32,41,35",1528.903,1540.845,0.482821,10,3
943,hf,"37,12,29,47,33,10","46,2,40,3,35,8",1466.583,1560.642,0.367852,9,11
944,hf,"23,44,12,38,34,11","7,32,13,39,10,22",1496.163,1572.385,0.392035,6,11
945,box,"25,29,8,43,36,5","22,16,24,10,41,32",1530.11,1540.725,0.484729,10,9
946,hf,"43,46,38,7,34,6","42,21,44,37,39,35",1459.99,1397.522,0.588943,7,6
947,box,"9,29,13,19,41,28","26,43,25,6,32,2",1548.362,1566.35,0.474136,6,10
948,box,"19,44,45,4,34,3","13,6,20,38,37,35",1528.773,1525.517,0.504687,7,6
949,box,"25,13,23,35,4,28","33,34,12,42,24,3",1583.788,1551.707,0.546038,5,10
950,hf,"5,46,14,32,47,37","41,40,1,3,25,44",1423.978,1539.312,0.339861,8,13
951,box,"16,43,22,12,25,15","24,26,3,10,39,48",1542.627,1508.858,0.548444,5,10
952,box,"41,20,14,42,18,27","1,43,48,25,44,13",1502.717,1443.705,0.584117,4,10
953,box,"45,29,9,43,15,5","41,8,42,11,32,48",1506.57,1427.602,0.611727,11,10
954,box,"44,46,45,26,19,35","48,42,37,17,7,8",1372.303,1465.36,0.369194,5,10
955,box,"32,13,9,34,3,31","43,7,8,15,44,25",1594.822,1515.777,0.611832,10,2
956,hf,"40,24,29,10,46,39","3,33,13,14,21,42",1448.525,1580.347,0.318901,6,12
957,box,"17,12,23,30,13,42","4,26,25,10,19,33",1540.457,1604.077,0.409453,12,9
958,box,"29,5,16,39,34,19","36,11,10,42,21,4",1547.327,1576.792,0.457698,10,6
959,hf,"47,21,24,3,10,7","15,1,25,41,37,4",1576.542,1600.418,0.465693,8,11
960,box,"41,3,37,35,5,2","42,31,46,25,19,39",1600.373,1423.207,0.734944,10,3
961,box,"23,41,30,31,10,46","35,24,15,44,19,12",1459.88,1514.838,0.421562,7,10
962,box,"28,20,10,3,30,27","35,15,26,9,23,14",1607.407,1574.59,0.547087,8,10
963,hf,"25,30,24,22,21,43","26,9,34,14,16,39",1505.278,1547.855,0.439032,6,11
964,box,"40,24,30,36,27,47","42,20,14,26,10,31",1408.395,1538.187,0.321445,5,8
965,box,"40,27,4,13,14,22","36,11,25,34,28,12",1585.457,1540.697,0.564061,8,11
966,hf,"48,44,37,10,42,26","46,13,45,27,21,30",1377.558,1440.94,0.409785,8,5
967,hf,"40,48,34,41,3,7","5,6,2,1,4,22",1461.952,1758.415,0.153608,11,16
968,hf,"13,10,14,20,5,24","40,21,38,29,31,22",1634.172,1483.902,0.703709,12,8
969,hf,"36,11,10,47,27,8","35,40,44,45,48,38",1509.793,1287.208,0.782671,10,5
970,box,"16,8,43,10,29,7","3,9,25,31,40,39",1577.607,1547.875,0.542683,4,3
971,hf,"38,37,12,29,2,32","47,23,22,6,24,5",1547.208,1540.478,0.509684,4,3
972,box,"8,43,13,41,21,19","6,23,39,32,2,27",1518.027,1586.1,0.403269,8,11
973,hf,"2,32,21,11,4,42","16,20,17,29,28,22",1616.802,1568.555,0.56899,7,5
974,box,"6,22,36,3,9,40","1,37,2,20,25,13",1596.102,1649.902,0.423189,7,11
975,box,"22,24,33,28,27,48","9,23,17,36,13,32",1456.907,1561.982,0.353233,7,12
976,hf,"43,21,33,8,2,9","7,16,5,12,24,40",1592.673,1599.532,0.490131,5,3
977,box,"1,47,48,22,40,5","10,38,30,45,7,8",1450.353,1527.63,0.390588,9,14
978,box,"12,6,46,47,1,28","15,14,4,45,25,21",1509.518,1564.738,0.421194,3,10
979,box,"46,12,31,19,44,38","4,29,47,33,1,6",1428.703,1581.152,0.293683,7,12
980,hf,"13,45,8,47,5,48","12,21,15,11,26,19",1403.6,1600.403,0.243628,7,10
981,box,"28,17,23,16,34,1","42,47,19,11,5,4",1607.563,1535.013,0.602916,10,9
982,hf,"28,6,44,29,1,47","21,38,24,39,5,37",1498.982,1510.265,0.483768,9,8
983,hf,"31,24,32,20,46,21","35,13,15,38,11,3",1483.215,1593.61,0.346268,9,10
984,hf,"21,26,30,46,29,10","43,25,27,2,9,48",1498.312,1492.793,0.507941,11,9
985,box,"28,43,12,10,38,46","14,7,2,26,31,45",1453.193,1568.57,0.339805,8,12
986,box,"36,18,15,13,32,39","44,28,41,11,42,4",1517.85,1488.37,0.542324,10,5
987,box,"10,16,34,32,14,27","45,1,20,11,22,40",1562.288,1544.837,0.525094,7,10
988,box,"47,24,45,9,48,37","31,5,2,29,44,27",1338.458,1561.845,0.216545,5,13
989,hf,"21,41,31,18,36,22","37,43,13,9,48,42",1498.663,1398.115,0.640792,14,10
990,box,"16,48,32,37,31,2","21,33,7,25,10,42",1481.11,1552.775,0.398304,6,7
991,box,"47,18,5,29,25,13","48,10,24,4,31,16",1518.368,1532.232,0.48006,10,8
992,hf,"18,21,32,47,39,35","13,42,44,40,8,19",1425.708,1474.67,0.430001,10,13
993,hf,"19,16,25,28,1,20","17,14,10,48,2,38",1624.312,1534.715,0.626156,9,6
994,box,"30,10,29,41,25,36","11,39,46,21,7,18",1497.873,1519.722,0.468599,10,5
995,box,"21,2,8,4,48,36","31,24,10,44,25,43",1567.108,1467.767,0.639191,10,7
996,box,"40,3,42,19,21,37","43,47,33,4,9,32",1516.742,1470.168,0.566626,11,8
997,box,"16,6,24,23,22,47","27,44,5,32,26,35",1519.84,1493.868,0.537307,10,3
998,hf,"6,14,29,11,8,17","15,16,4,36,2,40",1631.422,1607.713,0.534066,7,8
999,hf,"15,10,9,33,21,44","25,41,26,2,45,19",1547.523,1514.377,0.547558,6,5
1000,hf,"3,13,38,48,14,15","46,32,1,23,6,24",1528.108,1568.375,0.44231,8,9
1001,box,"1,41,40,19,18,36","24,33,25,11,13,17",1530.608,1578.6,0.43137,10,7
1002,hf,"2,29,39,42,43,33","26,14,12,8,3,25",1472.638,1644.548,0.270992,3,7
1003,hf,"13,37,20,45,44,14","38,46,24,30,4,15",1453.413,1512.447,0.415852,9,11
1004,box,"20,1,14,12,22,46","32,25,21,30,26,11",1584.777,1546.748,0.55451,4,10
1005,box,"16,5,40,7,1,2","46,4,44,18,42,20",1688.577,1463.928,0.784685,10,1
1006,hf,"24,14,42,13,28,48","5,18,27,2,20,3",1456.862,1688.788,0.208321,8,13
1007,hf,"14,8,41,44,2,31","12,1,47,6,16,30",1541.907,1569.102,0.460943,6,7
1008,box,"45,37,31,5,10,14","48,26,25,2,3,32",1521.698,1552.618,0.45562,8,6
1009,hf,"43,5,18,19,31,13","46,2,42,48,16,29",1549.693,1429.453,0.666447,11,7
1010,hf,"37,28,36,45,32,15","4,19,24,6,40,30",1443.522,1584.247,0.307874,6,8
1011,hf,"24,47,36,35,10,21","41,23,27,12,38,26",1459.642,1502.318,0.43889,8,6
1012,hf,"44,32,48,35,27,24","28,6,39,17,9,22",1388.092,1578.558,0.250412,5,9
1013,hf,"35,44,11,3,22,33","41,10,39,47,48,46",1539.277,1294.377,0.803728,6,5
1014,hf,"14,45,26,6,27,8","33,35,3,34,7,37",1550.14,1552.733,0.496268,7,6
1015,box,"15,44,46,22,32,8","21,24,36,26,34,39",1469.877,1489.158,0.47228,10,8
1016,box,"41,42,30,10,13,1","33,7,32,45,5,20",1557.528,1533.327,0.534773,10,4
1017,box,"13,2,47,46,19,8","14,12,5,40,17,29",1509.038,1576.212,0.404517,8,10
1018,hf,"20,22,25,24,14,48","28,40,38,31,41,3",1494.01,1492.142,0.502689,7,8
1019,hf,"17,45,31,25,35,7","28,38,40,23,32,2",1496.562,1529.858,0.452228,8,6
1020,box,"17,35,6,46,16,41","7,30,25,22,44,31",1482.74,1509.293,0.461861,10,2
1021,hf,"27,7,1,44,9,38","2,33,29,5,41,12",1577.537,1592.853,0.477972,11,10
1022,hf,"42,47,4,17,38,8","34,32,12,29,19,11",1486.585,1555.352,0.402309,9,8
1023,box,"5,13,31,32,16,1","25,12,42,3,20,41",1634.758,1548.673,0.621412,10,4
1024,hf,"46,29,45,8,7,11","9,42,39,37,2,47",1497.797,1457.763,0.557359,9,8
1025,box,"45,24,41,35,7,27","31,3,18,28,36,39",1465.93,1540.113,0.394835,8,13
1026,hf,"31,26,33,16,9,8","2,11,6,37,12,13",1578.133,1646.013,0.403537,8,9
1027,box,"5,43,12,38,27,8","36,3,15,13,10,20",1543.823,1625.895,0.384038,6,10
1028,hf,"1,8,34,43,18,38","46,48,20,9,21,16",1550.013,1454.693,0.633835,10,6
1029,hf,"31,48,47,14,7,12","25,36,35,5,10,9",1434.407,1579.962,0.301981,10,16
1030,box,"31,33,5,37,11,16","41,27,24,15,17,42",1559.748,1498.2,0.58766,10,3
1031,box,"43,47,24,26,29,39","15,9,31,33,27,11",1394.892,1573.612,0.263318,6,10
1032,hf,"39,2,27,5,36,6","10,3,24,18,26,48",1603.278,1544.087,0.584369,10,6
1033,box,"35,39,21,20,31,33","32,25,38,36,37,9",1488.943,1489.135,0.499724,10,6
1034,hf,"41,5,17,48,18,44","19,39,33,15,21,38",1432.467,1506.788,0.394645,6,7
1035,hf,"20,13,22,34,44,27","18,17,39,28,47,9",1506.337,1479.688,0.538275,10,13
1036,box,"46,35,36,21,14,30","38,34,12,8,19,16",1456.955,1562.823,0.35219,2,10
1037,box,"42,32,24,16,26,31","18,37,30,35,22,10",1499.783,1525.302,0.463342,10,7
1038,box,"26,1,5,13,17,32","30,36,38,18,33,37",1641.717,1463.045,0.736628,16,12
1039,hf,"32,39,7,31,28,25","21,8,9,12,41,24",1520.753,1582.593,0.411933,7,10
1040,box,"7,36,35,18,9,48","28,14,3,37,4,1",1481.602,1681.157,0.240721,6,14
1041,hf,"16,15,47,40,39,37","18,36,23,48,10,2",1409.175,1526.96,0.336702,8,11
1042,hf,"25,14,35,40,2,11","6,37,45,18,32,8",1576.505,1514.508,0.588285,12,9
1043,box,"11,12,15,18,7,1","16,20,28,38,25,29",1680.26,1531.588,0.701787,11,6
1044,box,"29,10,25,40,46,2","35,18,14,32,28,34",1524.16,1518.482,0.508171,10,6
1045,box,"14,24,10,5,39,25","11,26,48,40,21,23",1586.94,1458.613,0.676713,12,8
1046,box,"39,31,2,44,37,16","42,5,29,46,25,45",1497.382,1425.563,0.601908,10,8
1047,hf,"28,6,48,17,23,15","18,24,45,31,11,38",1513.335,1485.087,0.540563,8,7
1048,box,"13,3,25,24,4,15","6,11,42,36,44,17",1666.352,1495.635,0.727648,11,5
1049,hf,"28,18,12,15,27,20","11,34,5,45,6,4",1580.893,1595.99,0.478288,4,8
1050,hf,"48,12,19,36,31,28","11,16,2,13,5,38",1452.55,1644.993,0.248283,10,15
1051,hf,"35,8,30,36,24,12","10,48,43,16,1,21",1535.932,1514.095,0.531384,7,8
1052,box,"33,4,26,9,11,47","31,10,45,16,24,37",1541.608,1491.113,0.572161,7,10
1053,box,"11,41,39,3,5,25","9,1,19,30,34,32",1584.165,1596.513,0.482237,5,10
1054,box,"42,34,23,39,37,26","17,47,27,11,33,32",1446.113,1473.272,0.460995,15,9
1055,box,"8,39,27,25,45,20","24,2,21,32,13,41",1491.993,1574.573,0.383346,3,10
1056,box,"38,9,42,20,26,16","10,2,15,29,17,32",1523.923,1621.088,0.363703,4,10
1057,hf,"9,27,4,16,10,41","7,19,24,46,23,30",1607.585,1519.983,0.623464,10,4
1058,box,"5,39,19,23,33,36","31,3,42,48,45,22",1527.583,1418.265,0.652328,9,5
1059,box,"10,46,36,18,4,2","33,14,34,24,43,29",1590.177,1487.152,0.644067,10,4
1060,hf,"19,24,4,34,38,8","29,32,28,33,3,36",1584.235,1543.603,0.558209,9,16
1061,box,"25,22,43,29,41,18","10,42,13,6,48,46",1476.167,1434.595,0.559543,12,11
1062,box,"37,13,27,10,28,36","48,17,14,1,5,11",1529.89,1592.868,0.410347,6,10
1063,hf,"11,44,32,8,6,43","30,22,40,24,31,17",1511.507,1509.373,0.50307,5,9
1064,box,"41,43,21,34,10,47","38,45,18,39,16,15",1405.652,1468.295,0.410813,11,13
1065,box,"47,26,4,38,20,17","7,10,36,15,39,16",1503.335,1565.912,0.410906,7,11
1066,hf,"48,26,27,37,22,20","6,16,11,31,5,21",1448.862,1627.237,0.263703,8,15
1067,box,"28,10,27,31,2,22","24,8,20,16,32,38",1605.865,1554.433,0.57348,8,11
1068,box,"16,40,11,22,46,39","21,38,25,6,7,43",1462.588,1537.152,0.394312,5,10
1069,hf,"6,45,42,10,4,1","31,12,3,9,19,24",1602.767,1632.16,0.4578,4,5
1070,hf,"6,3,11,20,22,7","47,38,48,42,1,13",1678.425,1400.477,0.832018,14,5
1071,hf,"32,7,18,38,19,40","34,5,43,44,9,41",1519.94,1460.378,0.584886,14,10
1072,hf,"33,7,32,39,15,19","3,26,22,11,31,29",1540.965,1599.717,0.416246,11,10
1073,hf,"26,27,16,20,43,21","14,46,30,10,39,3",1519.678,1534.677,0.478429,10,8
1074,box,"29,9,10,5,19,22","21,38,16,31,28,27",1627.208,1521.625,0.647436,10,2
1075,box,"38,20,46,14,31,42","3,24,11,26,13,23",1438.897,1631.072,0.248571,7,15
1076,box,"12,32,30,43,26,21","29,9,45,28,40,37",1498.163,1450.362,0.568361,5,10
1077,hf,"6,32,22,10,3,9","16,33,39,47,18,13",1659.165,1463.287,0.755389,11,9
1078,box,"41,24,46,22,40,47","45,1,7,31,33,13",1357.198,1565.237,0.231909,9,13
1079,hf,"33,18,34,26,46,38","40,42,13,28,3,30",1444.763,1527.677,0.382893,6,7
1080,hf,"30,3,19,22,2,27","38,41,5,31,43,48",1645.012,1384.158,0.817812,11,6
1081,box,"21,38,15,29,17,20","42,3,46,47,44,26",1549.078,1378.437,0.727563,10,6
1082,hf,"29,16,26,1,28,4","5,18,35,40,27,2",1645.395,1580.775,0.591938,7,4
1083,hf,"20,39,43,4,32,38","14,35,36,19,8,16",1488.478,1559.005,0.399875,9,10
1084,box,"12,35,42,13,1,28","6,22,16,31,2,7",1571.785,1654.352,0.383364,4,10
1085,hf,"43,17,27,11,28,14","45,24,7,19,20,35",1536.335,1515.395,0.530099,8,11
1086,box,"8,1,16,5,18,12","48,29,22,42,33,35",1688.967,1398.557,0.841807,16,8
1087,box,"6,23,48,47,12,25","13,35,17,2,46,5",1436.595,1573.147,0.313016,8,11
1088,hf,"13,31,41,23,2,22","25,28,7,33,26,14",1574.222,1569.948,0.50615,8,7
1089,box,"45,5,15,43,32,36","30,25,21,24,13,3",1456.45,1607.592,0.295246,8,13
1090,hf,"43,24,42,22,27,1","21,30,6,9,7,34",1527.57,1603.493,0.392444,8,12
1091,hf,"32,36,47,22,8,40","3,41,21,16,20,35",1434.535,1565.188,0.320364,11,14
1092,box,"4,20,43,9,17,25","10,18,22,27,5,34",1583.585,1592.977,0.486488,10,4
1093,hf,"19,21,12,6,9,34","39,42,7,24,8,40",1608.797,1503.897,0.646537,9,5
1094,box,"8,12,37,14,38,6","15,4,18,20,36,35",1576.332,1573.573,0.503969,1,2
1095,box,"35,20,36,43,47,7","26,3,44,27,6,22",1419.153,1574.585,0.290133,6,11
1096,hf,"38,1,7,31,3,45","24,26,35,46,17,11",1588.207,1497.435,0.627738,7,6
1097,hf,"6,22,11,12,42,37","7,41,2,31,14,9",1551.173,1615.45,0.40854,9,5
1098,hf,"27,1,44,34,18,37","13,32,36,16,4,28",1521.875,1577.358,0.420825,12,9
1099,box,"23,9,26,38,27,45","19,18,16,8,44,17",1488.718,1555.737,0.404732,6,10
1100,hf,"17,45,9,37,12,42","38,8,16,46,3,15",1478.207,1559.178,0.385537,4,7
1101,box,"44,26,9,14,18,8","37,1,45,43,41,27",1563.113,1444.04,0.664952,11,7
1102,box,"8,24,21,27,25,43","34,18,29,13,10,14",1531.913,1581.208,0.429531,10,2
1103,hf,"32,18,28,4,17,1","46,30,11,45,39,41",1647.6,1381.998,0.821849,14,8
1104,hf,"19,10,48,18,12,28","1,31,34,5,38,30",1512.932,1573.513,0.413689,9,8
1105,box,"18,31,25,48,11,47","15,29,9,2,16,32",1406.275,1624.675,0.221454,6,13
1106,box,"10,8,18,24,34,17","7,46,44,20,26,2",1595.22,1523.823,0.601326,9,6
1107,hf,"17,16,43,36,40,37","34,12,32,42,1,10",1443.592,1576.45,0.317606,10,12
1108,box,"36,27,37,22,1,31","13,12,7,20,28,17",1548.712,1613.213,0.408227,8,11
1109,hf,"39,37,47,23,7,25","31,40,13,16,21,3",1450.715,1581.347,0.320391,10,12
1110,box,"35,22,32,15,28,36","2,5,7,37,9,45",1506.603,1598.647,0.370553,7,12
1111,box,"48,5,7,44,36,29","9,15,14,40,24,46",1449.478,1507.552,0.417195,10,5
1112,box,"38,29,14,6,22,16","40,8,45,17,35,43",1571.742,1426.932,0.697114,10,4
1113,hf,"45,47,1,32,14,27","22,7,6,33,38,15",1472.227,1579.85,0.349888,9,12
1114,box,"23,48,29,36,11,2","7,41,37,43,18,13",1511.743,1492.432,0.527763,10,3
1115,hf,"14,13,9,19,30,4","29,15,40,46,3,8",1635.315,1535.915,0.639269,8,5
1116,hf,"20,44,28,10,5,11","31,25,1,43,24,3",1572.378,1599.865,0.460526,6,8
1117,hf,"11,14,5,10,27,7","28,15,48,18,34,36",1653.28,1445.795,0.767523,7,6
1118,hf,"38,48,22,29,11,39","35,37,14,45,28,12",1431.398,1472.688,0.440857,9,11
1119,box,"14,47,2,13,26,19","25,35,30,6,38,8",1553.092,1542.768,0.514852,7,11
1120,hf,"8,36,31,26,42,38","9,4,34,12,35,15",1475.27,1603.318,0.323637,8,12
1121,hf,"39,35,5,16,47,36","6,22,34,44,42,17",1443.643,1488.855,0.4353,8,6
1122,hf,"32,14,9,15,41,6","34,10,40,29,5,28",1576.023,1543.203,0.547092,5,7
1123,box,"11,44,18,22,2,3","1,47,41,40,6,21",1628.527,1494.875,0.683383,10,3
1124,hf,"45,13,31,7,29,35","42,24,4,39,2,10",1495.443,1600.458,0.353311,10,12
1125,box,"33,42,19,46,17,11","6,35,10,39,37,41",1476.752,1489.77,0.481274,10,6
1126,box,"19,33,40,3,21,25","31,45,47,28,30,2",1565.137,1443.158,0.668667,13,7
1127,hf,"25,23,41,22,6,24","34,18,42,10,26,48",1551.975,1441.747,0.653515,12,8
1128,hf,"18,33,15,21,24,43","4,44,20,11,37,25",1517.77,1543.593,0.462906,8,12
1129,box,"27,14,16,48,39,40","36,30,43,23,2,34",1426.933,1509.912,0.382804,7,11
1130,box,"8,26,17,34,48,36","45,1,46,40,12,43",1459.832,1428.812,0.544523,5,10
1131,hf,"13,34,42,5,26,18","16,10,45,41,44,19",1545.472,1449.063,0.635288,8,7
1132,box,"43,47,20,27,46,11","2,16,45,9,24,34",1392.767,1563.7,0.272104,9,17
1133,box,"30,3,25,19,41,46","11,23,24,45,47,12",1503.255,1455.9,0.56773,10,4
1134,hf,"19,13,2,43,6,31","25,20,27,18,48,33",1588.85,1467.025,0.668472,10,5
1135,hf,"2,15,7,24,16,36","33,34,12,18,22,9",1626.65,1569.742,0.581173,13,8
1136,box,"3,19,44,41,4,47","16,14,45,40,23,13",1490.168,1499.362,0.486773,9,10
1137,box,"15,10,7,6,46,39","30,34,42,8,35,4",1547.34,1532.533,0.521296,4,10
1138,hf,"14,9,26,42,21,15","3,27,45,5,6,33",1560.86,1584.718,0.465719,7,9
1139,box,"33,27,36,34,1,44","12,14,2,40,38,7",1505.365,1594.608,0.37432,7,8
1140,hf,"34,1,16,45,25,22","31,41,32,17,19,8",1548.377,1530.487,0.525723,5,10
1141,hf,"44,14,26,24,40,23","9,4,5,20,48,8",1484.052,1592.765,0.348463,5,7
1142,box,"7,35,19,15,45,26","34,31,22,2,38,9",1514.15,1574.462,0.414066,9,13
1143,hf,"39,48,33,10,5,16","29,18,22,40,27,44",1488.748,1471.02,0.525491,4,3
1144,box,"19,9,34,35,27,3","24,41,2,22,16,32",1588.558,1570.583,0.525845,5,10
1145,box,"7,8,9,28,2,3","13,4,34,14,24,25",1715.75,1604.777,0.654485,5,4
1146,hf,"25,10,44,30,5,21","14,7,12,42,17,22",1546.212,1578.125,0.454202,8,7
1147,box,"37,7,32,41,46,28","36,10,40,14,34,17",1445.563,1520.803,0.393382,6,10
1148,box,"36,1,34,29,13,22","20,16,31,48,46,9",1579.21,1438.287,0.692369,14,9
1149,hf,"8,4,7,43,24,29","2,39,47,33,44,37",1592.828,1411.755,0.739302,14,8
1150,hf,"37,12,2,29,17,38","11,26,39,48,27,40",1567.067,1419.34,0.700647,11,5
1151,hf,"36,42,39,46,44,30","6,34,19,10,35,24",1347.308,1569.992,0.217232,5,9
1152,box,"10,22,37,7,19,2","33,20,46,13,12,39",1632.225,1485.168,0.699838,10,3
1153,box,"10,28,26,37,36,4","27,40,2,44,31,48",1559.848,1423.477,0.686761,14,8
1154,hf,"2,42,29,12,14,20","36,15,34,39,41,21",1590.648,1466.395,0.671562,8,6
1155,hf,"16,34,9,43,36,2","19,1,23,27,8,10",1549.547,1654.82,0.352972,6,7
1156,box,"2,36,10,26,38,23","35,46,28,18,6,47",1573.205,1426.49,0.699425,10,7
1157,hf,"14,1,36,31,28,7","10,13,34,21,37,22",1607.082,1552.108,0.578459,8,10
1158,box,"18,26,35,10,16,38","20,33,48,3,2,11",1538.29,1579.228,0.441356,6,11
1159,hf,"26,25,5,4,8,47","33,13,46,6,41,22",1566.828,1489.99,0.608811,10,7
1160,box,"5,25,34,4,40,42","18,6,19,39,48,21",1538.453,1485.438,0.575708,12,9
1161,hf,"38,29,42,27,41,10","4,24,15,18,39,2",1466.595,1633.915,0.276244,8,10
1162,box,"26,11,4,29,9,48","27,44,39,41,23,2",1542.363,1489.723,0.575181,8,4
1163,box,"25,4,11,37,39,5","17,2,26,34,35,42",1587.467,1533.303,0.577322,10,7
1164,box,"21,23,46,11,13,47","26,7,30,35,6,40",1455.162,1535.295,0.386681,3,10
1165,box,"7,6,39,11,1,25","8,15,28,16,33,21",1646.92,1582.297,0.591943,10,5
1166,box,"14,29,5,43,35,19","20,17,38,4,11,21",1528.013,1604.222,0.392053,5,10
1167,hf,"7,28,18,19,4,16","29,14,17,48,26,31",1637.965,1469.45,0.72513,14,5
1168,hf,"48,32,43,33,11,12","5,1,44,6,47,35",1431.553,1518.028,0.37806,8,12
1169,hf,"34,27,11,37,35,22","32,39,29,15,28,41",1508.475,1477.462,0.544514,4,8
1170,hf,"12,35,44,21,27,2","22,15,37,29,43,32",1547.115,1477.462,0.598918,5,7
1171,box,"44,8,30,31,4,26","32,16,43,34,10,1",1541.742,1563.258,0.469075,7,6
1172,hf,"12,15,41,23,21,11","6,26,24,1,22,35",1566.098,1614.89,0.430241,5,6
1173,hf,"10,47,5,34,42,12","46,37,9,21,41,26",1487.45,1458.998,0.540854,6,10
1174,hf,"35,44,18,16,28,40","39,48,19,41,2,11",1461.542,1481.038,0.471971,8,4
1175,hf,"39,45,15,43,35,28","48,17,33,19,9,20",1407.538,1500.062,0.369909,10,11
1176,hf,"33,36,41,5,42,6","19,23,29,35,48,30",1502.948,1441.512,0.587504,8,13
1177,box,"6,23,12,16,35,26","29,25,31,13,44,46",1579.435,1439.865,0.690708,8,5
1178,hf,"40,5,41,43,30,32","48,35,45,25,46,10",1446.093,1355.83,0.627054,7,6
1179,hf,"32,46,10,9,21,34","37,13,48,3,35,44",1513.032,1437.188,0.607446,13,7
1180,box,"44,41,16,24,4,18","2,45,25,40,22,30",1529.692,1504.612,0.53603,7,10
1181,hf,"48,22,24,18,17,12","34,26,30,38,41,13",1504.288,1475.143,0.541845,7,6
1182,box,"16,41,9,44,35,37","18,26,15,13,45,43",1455.247,1476.385,0.469617,7,10
1183,box,"21,12,35,22,31,47","45,25,11,37,40,26",1465.245,1451.905,0.519188,4,10
1184,hf,"44,24,7,15,33,46","36,26,47,40,2,32",1471.667,1454.95,0.524039,10,6
1185,hf,"2,40,21,32,44,19","17,15,1,13,20,8",1518.702,1665.573,0.300386,5,12
1186,box,"5,8,31,39,46,11","4,13,34,22,38,16",1523.435,1578.465,0.421461,10,5
1187,box,"21,19,30,7,48,44","13,45,14,12,24,40",1447.53,1503.22,0.420535,4,10
1188,box,"28,29,21,3,2,40","18,10,7,19,6,45",1611.325,1580.463,0.544297,8,9
1189,hf,"45,38,34,31,36,4","39,9,48,1,18,24",1463.558,1527.757,0.408648,7,6
1190,hf,"23,26,11,9,22,36","28,27,4,21,38,33",1571.53,1553.933,0.525302,8,7
1191,box,"11,9,32,22,33,45","18,35,43,38,28,24",1514.302,1465.385,0.569935,3,10
1192,box,"9,20,40,8,6,28","22,2,48,1,3,38",1591.08,1601.96,0.484348,5,4
1193,box,"5,16,9,42,8,21","43,48,14,1,45,22",1603.497,1440.33,0.718951,10,6
1194,hf,"48,12,44,7,19,20","46,34,41,25,39,32",1473.538,1403.792,0.599047,4,3
1195,hf,"28,29,41,47,19,42","27,10,1,9,24,33",1401.967,1635.308,0.206981,3,7
1196,box,"19,14,5,34,47,12","35,7,9,13,46,40",1522.61,1500.133,0.532301,10,6
1197,box,"6,4,25,1,48,34","16,27,17,32,11,14",1578.115,1582.852,0.493184,6,10
1198,box,"34,46,6,43,30,12","45,23,31,44,21,17",1461.983,1450.893,0.515954,4,10
1199,hf,"37,3,21,10,40,6","33,30,25,36,16,7",1592.838,1540.822,0.574304,12,9
1200,hf,"8,42,31,12,5,30","14,13,29,47,37,45",1558.412,1414.115,0.69649,12,6
1201,hf,"12,10,37,46,40,14","27,11,7,28,21,5",1482.183,1622.107,0.308858,10,14
1202,box,"16,11,21,42,24,48","37,35,14,46,36,20",1467.41,1444.815,0.532471,10,4
1203,hf,"32,15,11,26,19,16","2,37,22,17,39,41",1579.417,1525.678,0.576725,5,6
1204,box,"12,29,39,38,47,1","48,37,42,44,5,11",1484.958,1408.167,0.608747,13,10
1205,hf,"34,32,8,14,47,21","9,38,36,48,16,42",1487.745,1417.73,0.599418,9,6
1206,hf,"24,26,4,36,13,12","3,42,17,45,32,30",1596.532,1492.322,0.645629,8,7
1207,hf,"23,44,14,45,24,43","33,48,12,16,35,26",1419.243,1457.198,0.445595,5,10
1208,box,"3,13,2,18,20,16","25,6,37,40,21,8",1683.752,1546.853,0.687413,11,9
1209,box,"47,37,6,2,10,42","48,11,38,23,45,46",1510.448,1351.848,0.713609,10,6
1210,hf,"13,4,40,48,1,37","27,31,6,14,38,32",1522.455,1537.655,0.478139,9,7
1211,hf,"10,47,48,8,14,11","45,30,27,41,9,4",1466.273,1511.582,0.435163,8,6
1212,hf,"25,26,7,9,12,3","8,40,43,29,45,22",1657.448,1437.485,0.780093,13,5
1213,hf,"16,13,40,14,3,19","37,47,28,25,22,45",1606.927,1395.003,0.772051,9,5
1214,hf,"43,20,34,7,10,19","12,45,6,48,2,36",1548.643,1481.858,0.594945,8,12
1215,box,"1,37,43,21,9,10","39,19,25,44,2,13",1583.317,1542.46,0.558528,5,9
1216,box,"5,42,1,14,43,37","39,23,9,38,32,2",1542.728,1559.988,0.475181,6,10
1217,hf,"23,36,21,35,24,25","20,9,14,2,17,5",1517.9,1679.13,0.283307,7,12
1218,box,"31,4,28,8,24,40","11,48,15,36,32,18",1569.858,1470.127,0.639709,10,6
1219,box,"6,28,47,38,2,27","15,9,41,19,34,7",1519.313,1566.405,0.432642,10,3
1220,hf,"42,1,15,45,19,3","16,4,8,2,24,26",1579.417,1674.32,0.366722,6,7
1221,box,"29,24,28,20,40,5","47,48,38,23,42,19",1546.972,1341.898,0.765037,13,7
1222,box,"7,9,17,30,28,1","8,3,36,4,42,33",1647.365,1593.568,0.576807,10,3
1223,box,"15,7,29,26,18,6","32,11,28,34,3,35",1611.052,1565.083,0.56577,10,4
1224,box,"38,2,7,22,4,30","6,13,33,3,27,29",1636.492,1616.73,0.528409,5,4
1225,box,"19,24,34,18,32,20","13,26,12,8,42,2",1545.332,1609.987,0.408013,10,9
1226,box,"29,28,46,47,39,17","32,2,14,8,36,1",1387.732,1656.983,0.175095,6,15
1227,hf,"39,26,11,29,17,28","47,43,10,6,23,5",1535.022,1509.038,0.537323,6,5
1228,box,"3,4,18,26,27,28","7,20,22,38,2,5",1638.273,1641.4,0.4955,4,10
1229,box,"17,3,2,42,48,38","16,35,36,5,37,18",1514.433,1530.148,0.4774,3,10
1230,hf,"12,3,17,40,39,33","47,38,20,44,32,26",1547.387,1392.907,0.708737,9,7
1231,hf,"15,42,5,13,30,38","29,8,27,25,36,19",1531.362,1548.48,0.475385,9,7
1232,box,"32,19,4,48,31,37","18,16,15,12,21,28",1470.5,1592.298,0.331562,1,10
1233,hf,"39,19,38,37,8,40","29,1,5,17,11,28",1468.98,1652.122,0.25841,7,13
1234,hf,"14,30,4,33,47,35","11,7,6,27,46,42",1486.143,1523.357,0.44665,5,6
1235,hf,"17,7,35,6,16,24","40,37,33,39,42,29",1602.14,1410.75,0.750584,12,6
1236,hf,"29,2,35,33,41,38","19,45,47,5,46,26",1503.29,1395.692,0.650079,11,8
1237,hf,"8,29,23,34,33,15","37,47,44,24,41,1",1553.383,1426.522,0.674865,11,7
1238,box,"35,3,27,31,21,45","6,12,13,25,37,42",1513.002,1542.267,0.457984,5,3
1239,box,"33,32,44,38,18,11","39,28,36,48,10,30",1477.588,1424.475,0.575846,5,9
1240,box,"43,41,4,18,3,38","23,15,8,17,6,28",1544.135,1617.045,0.396588,7,10
1241,box,"16,12,32,19,44,36","43,15,22,25,23,7",1498.237,1548.023,0.428838,3,10
1242,box,"26,12,19,41,3,39","27,45,46,25,43,35",1554.05,1368.55,0.744183,14,9
1243,hf,"29,33,20,10,5,48","1,45,36,22,7,25",1507.957,1557.898,0.428619,11,10
1244,hf,"41,27,18,35,45,9","1,33,37,15,46,44",1466.405,1474.427,0.488458,9,8
1245,box,"28,9,17,26,31,10","34,29,39,37,5,48",1582.342,1425.89,0.711074,10,5
1246,box,"8,38,16,23,43,39","41,11,14,27,7,15",1486.935,1579.74,0.369531,2,10
1247,box,"16,3,17,21,36,33","7,26,22,2,11,24",1587.287,1646.882,0.415067,7,10
1248,box,"7,28,21,42,3,13","19,18,2,37,27,26",1602.252,1583.168,0.527436,2,3
1249,hf,"5,34,9,45,17,39","35,37,42,3,40,38",1511.583,1459.852,0.573903,5,9
1250,hf,"36,10,7,18,6,29","45,27,34,46,15,21",1601.697,1434.57,0.723534,13,6
1251,hf,"17,35,28,40,43,47","45,16,38,26,36,29",1380.6,1448.692,0.403244,7,6
1252,hf,"6,21,22,38,17,47","4,8,41,9,12,42",1492.825,1581.327,0.375321,1,5
1253,box,"16,45,25,47,3,23","8,5,31,6,28,4",1479.998,1656.783,0.265484,4,10
1254,hf,"26,14,27,21,16,46","42,9,7,33,38,17",1513.835,1533.147,0.472237,8,7
1255,hf,"2,39,42,46,37,20","9,43,34,38,17,12",1460.15,1508.963,0.430211,12,7
1256,box,"18,36,40,28,45,32","27,4,21,44,17,11",1431.375,1571.705,0.308359,4,10
1257,hf,"24,32,29,22,35,2","37,46,20,21,15,13",1568.387,1502.695,0.593427,7,11
1258,box,"24,17,26,25,9,41","12,27,22,19,4,7",1546.04,1639.695,0.368392,8,10
1259,hf,"4,1,45,44,28,11","12,8,42,10,19,40",1558.292,1544.268,0.52017,9,10
1260,box,"45,43,31,20,26,9","21,40,5,25,2,7",1463.352,1628.225,0.279068,12,16
1261,hf,"33,17,35,34,41,25","4,1,46,44,7,31",1476.817,1557.082,0.386501,7,12
1262,hf,"32,36,9,13,6,12","37,39,23,29,1,18",1591.232,1557.073,0.549,9,8
1263,hf,"11,41,28,5,10,8","48,4,14,34,17,15",1603.407,1527.35,0.607739,10,6
1264,hf,"28,23,45,38,25,35","4,30,36,47,11,24",1448.467,1504.152,0.420542,8,11
1265,box,"43,36,45,15,33,21","17,24,18,4,3,28",1430.962,1654.883,0.216023,5,10
1266,hf,"48,10,13,5,8,9","46,47,29,19,35,32",1576.78,1385.837,0.750102,6,4
1267,hf,"6,29,47,26,14,16","19,11,32,41,2,13",1514.313,1591.138,0.391207,6,7
1268,hf,"11,5,31,23,1,42","35,4,47,39,25,16",1608.572,1477.597,0.680039,14,10
1269,hf,"13,3,25,39,15,21","35,33,10,18,44,22",1597.998,1500.282,0.637031,10,7
1270,hf,"45,41,7,33,5,26","29,31,48,19,40,44",1502.31,1377.425,0.672364,11,8
1271,hf,"17,48,43,24,47,44","28,4,35,14,40,45",1310.825,1492.625,0.259893,7,9
1272,hf,"29,46,36,7,1,42","43,21,16,39,8,10",1510.445,1533.928,0.466256,7,8
1273,hf,"35,25,40,37,38,28","44,34,33,10,4,20",1443.903,1543.535,0.360424,9,11
1274,hf,"9,31,7,18,29,48","17,25,15,3,6,35",1506.832,1622.813,0.339025,8,10
1275,box,"18,9,14,36,42,15","38,29,11,34,16,44",1543.822,1483.238,0.586313,12,5
1276,hf,"32,2,26,11,37,14","12,34,33,4,44,36",1590.943,1509.192,0.615526,11,8
1277,box,"8,1,12,15,46,47","2,5,34,25,30,28",1519.867,1600.652,0.385792,6,9
1278,box,"39,43,36,44,31,25","8,1,46,6,19,13",1394.86,1616.515,0.218241,4,10
1279,box,"16,36,19,21,42,48","44,6,38,33,4,31",1432.025,1522.32,0.372904,3,10
1280,hf,"9,13,21,20,27,38","46,7,3,1,47,2",1567.88,1597.22,0.457876,9,7
1281,box,"18,22,38,25,29,5","47,2,3,28,39,45",1560.295,1485.608,0.605857,10,6
1282,hf,"24,20,6,46,15,19","1,29,35,21,7,26",1544.922,1607.332,0.411139,5,6
1283,box,"31,3,34,40,1,24","36,13,28,27,42,41",1597.188,1464.21,0.682543,13,8
1284,hf,"40,26,11,25,39,30","1,34,15,35,28,36",1492.432,1554.953,0.410983,6,7
1285,box,"44,43,42,32,40,5","24,2,46,38,28,12",1406.193,1530.718,0.328093,4,9
1286,hf,"2,45,39,16,9,48","6,44,28,23,30,34",1466.935,1501.7,0.450135,7,9
1287,hf,"6,36,1,37,24,9","5,30,44,22,33,21",1610.387,1518.168,0.629682,14,9
1288,hf,"19,46,6,43,9,32","48,25,39,12,5,7",1490.91,1510.728,0.47151,6,7
1289,box,"6,39,46,38,26,9","28,18,12,11,10,31",1485.058,1593.363,0.348996,5,7
1290,hf,"17,47,24,18,9,7","36,23,19,46,32,3",1540.093,1517.06,0.533099,14,10
1291,hf,"10,9,24,32,1,37","2,4,5,26,15,22",1614.262,1684.023,0.400933,7,8
1292,hf,"9,18,31,12,33,11","36,40,21,47,1,4",1586.988,1522.617,0.591593,12,6
1293,hf,"12,11,45,17,29,16","6,9,27,5,25,35",1537.937,1605.125,0.404496,9,10
1294,hf,"4,23,36,42,48,6","8,37,24,1,12,30",1482.61,1609.633,0.32493,9,16
1295,box,"6,21,12,28,48,3","24,15,29,4,37,9",1559.192,1597.575,0.444986,10,7
1296,hf,"1,48,31,17,42,6","33,37,20,36,21,19",1511.33,1509.615,0.502468,7,5
1297,hf,"27,38,36,37,14,48","23,9,39,17,18,31",1407.368,1550.223,0.305267,9,10
1298,box,"40,47,33,10,31,13","20,35,6,14,5,3",1450.908,1653.375,0.237671,7,14
1299,hf,"40,26,15,44,12,5","30,19,14,24,29,17",1520.72,1563.132,0.439266,11,13
1300,box,"10,27,34,4,26,18","35,28,3,41,29,13",1598.3,1547.698,0.572311,5,10
1301,box,"35,33,13,36,20,12","21,15,25,44,26,9",1528.335,1536.3,0.488539,7,11
1302,box,"46,4,26,24,29,40","22,23,6,45,48,11",1496.238,1464.228,0.545936,10,4
1303,hf,"22,21,7,3,32,41","20,2,39,46,15,40",1587.883,1498.238,0.626221,12,7
1304,box,"33,25,7,39,44,2","10,22,19,29,47,4",1537.397,1541.705,0.4938,4,10
1305,hf,"15,21,18,45,6,12","1,44,9,43,29,47",1557.117,1453.137,0.645326,11,6
1306,hf,"4,1,11,27,48,6","21,8,22,14,12,23",1607.765,1610.867,0.495536,6,7
1307,hf,"41,40,22,3,29,19","45,32,7,44,13,9",1536.768,1495.28,0.559424,11,6
1308,hf,"38,44,24,42,2,15","5,4,1,26,19,14",1503.69,1694.333,0.250222,7,12
1309,hf,"45,38,8,1,18,23","9,3,14,28,41,33",1557.742,1584.005,0.462276,8,9
1310,box,"20,41,40,7,15,42","22,46,47,12,35,23",1490.023,1417.482,0.602905,10,2
1311,box,"22,10,3,24,25,5","46,4,27,32,37,38",1655.158,1471.197,0.742493,13,6
1312,hf,"36,4,5,35,25,29","31,17,3,16,42,33",1574.45,1556.613,0.525646,3,2
1313,box,"43,13,37,19,20,38","24,15,2,1,26,32",1481.063,1653.762,0.270097,2,10
1314,box,"1,14,11,41,23,48","5,32,47,25,21,17",1523.83,1505.873,0.525819,10,8
1315,box,"38,4,41,12,43,37","10,15,46,20,22,7",1478.407,1559.397,0.385512,5,10
1316,box,"27,44,3,23,16,1","41,35,36,48,33,17",1615.417,1389.115,0.786289,17,10
1317,hf,"26,29,15,9,40,1","19,22,30,41,37,36",1596.638,1469.798,0.674838,9,7
1318,box,"37,12,6,11,38,44","28,20,45,26,3,15",1510.443,1553.253,0.438701,2,3
1319,hf,"45,10,30,24,23,34","12,5,17,46,39,2",1494.207,1566.632,0.397256,10,16
1320,hf,"8,6,23,11,15,36","1,12,13,28,45,7",1608.047,1599.007,0.513007,6,7
1321,hf,"34,8,48,37,32,1","24,45,7,28,40,47",1496.145,1411.212,0.619851,12,9
1322,hf,"36,48,6,38,21,37","30,31,11,7,25,47",1429.238,1495.54,0.405726,4,7
1323,box,"16,31,35,45,39,14","5,36,25,44,10,33",1456.395,1518.23,0.41194,8,11
1324,hf,"20,4,43,7,33,9","11,31,42,1,47,12",1589.683,1513.73,0.607597,6,5
1325,hf,"41,15,9,43,10,4","17,6,18,40,32,39",1566.328,1518.395,0.568547,5,11
1326,box,"48,8,5,27,24,37","39,13,1,9,40,42",1497.262,1542.852,0.434765,12,7
1327,hf,"15,9,47,29,32,23","46,7,16,24,13,3",1492.51,1591.987,0.360629,5,8
1328,box,"27,22,4,48,17,26","13,1,46,23,15,29",1517.377,1568.55,0.426884,5,10
1329,box,"9,5,44,2,42,11","39,6,27,47,31,20",1585.468,1464.215,0.667742,10,4
1330,hf,"48,34,14,8,2,17","16,35,18,5,25,26",1547.15,1573.263,0.46249,8,6
1331,box,"8,27,32,1,33,4","24,26,36,42,47,41",1643.912,1382.307,0.818456,10,2
1332,hf,"45,26,10,6,37,33","47,24,41,4,20,19",1501.892,1498.587,0.504756,8,9
1333,hf,"28,26,13,44,20,39","46,15,37,27,23,1",1485.798,1534.417,0.430486,11,8
1334,hf,"11,25,9,28,8,6","19,10,17,14,27,46",1635.04,1536.94,0.637541,5,2
1335,hf,"36,45,21,18,44,10","7,33,41,3,35,32",1456.385,1546.667,0.372922,5,6
1336,hf,"7,40,27,10,41,16","20,6,39,37,25,17",1536.227,1537.965,0.497498,5,3
1337,box,"47,19,30,12,24,43","4,44,35,16,15,39",1441.537,1515.54,0.395083,10,13
1338,hf,"16,5,6,24,43,34","32,26,2,45,18,39",1558.597,1508.325,0.571846,9,10
1339,hf,"44,18,32,22,30,26","38,47,45,13,24,16",1487.045,1418.858,0.596888,11,7
1340,box,"25,47,39,33,48,5","28,14,18,9,6,12",1383.378,1628.233,0.196313,8,13
1341,box,"37,22,40,20,33,6","47,12,26,39,10,21",1517.46,1482.128,0.550672,7,10
1342,box,"8,16,1,30,18,9","47,24,38,48,44,12",1656.08,1336.872,0.862654,13,5
1343,box,"17,42,35,38,13,16","11,27,8,20,21,39",1498.687,1569.975,0.398824,4,10
1344,hf,"43,30,15,7,44,2","48,35,8,32,34,23",1532.297,1447.323,0.619905,12,8
1345,box,"24,47,36,29,6,46","18,21,11,14,48,42",1418.505,1474.607,0.419958,4,10
1346,box,"18,44,42,47,32,4","8,45,13,11,2,34",1427.642,1582.16,0.291217,9,12
1347,box,"29,30,48,9,37,28","26,21,27,13,39,47",1446.815,1457.64,0.484427,11,7
1348,box,"41,45,23,10,29,35","5,2,24,21,34,3",1457.772,1671.105,0.226524,5,12
1349,hf,"47,9,5,20,12,21","30,13,8,28,2,45",1551.937,1565.425,0.480598,6,4
1350,hf,"14,26,34,41,6,32","11,3,13,8,40,25",1525.395,1618.32,0.36937,8,10
1351,hf,"26,12,2,39,42,47","37,41,32,16,23,9",1470.847,1515.045,0.436734,10,11
1352,hf,"43,44,14,16,10,11","47,41,29,15,13,34",1516.413,1443.048,0.604039,11,8
1353,box,"31,45,47,15,23,46","9,43,28,40,6,33",1363.737,1505.077,0.30712,6,12
1354,box,"36,30,3,33,12,25","39,32,8,45,11,13",1567.593,1507.188,0.586064,10,6
1355,hf,"42,36,15,47,44,45","41,12,6,32,28,17",1323.203,1549.403,0.21381,9,14
1356,box,"13,21,29,17,9,10","14,42,43,40,11,33",1612.07,1453.887,0.713118,14,8
1357,hf,"10,23,36,43,37,48","41,12,42,47,26,4",1400.748,1458.017,0.418323,4,3
1358,box,"14,24,42,4,25,16","41,31,43,5,8,35",1580.762,1492.298,0.624627,10,8
1359,box,"16,1,32,43,21,15","36,20,8,42,44,10",1573.668,1492.747,0.614395,10,5
1360,hf,"26,43,4,33,19,47","48,15,37,31,24,25",1463.452,1446.187,0.524826,8,6
1361,hf,"21,17,37,5,12,41","45,24,6,28,18,42",1549.32,1490.618,0.583684,7,5
1362,box,"18,2,37,43,6,46","25,38,14,41,21,29",1506.602,1503.058,0.505099,8,10
1363,box,"9,2,17,11,28,45","1,5,40,32,7,48",1588.645,1536.218,0.574881,10,11
1364,box,"46,28,40,26,30,35","37,44,45,3,42,34",1422.163,1419.348,0.504051,10,8
1365,hf,"39,12,9,29,42,25","2,30,22,37,34,35",1515.652,1533.17,0.47481,8,9
1366,box,"41,14,48,44,37,20","13,8,39,6,25,22",1381.687,1587.058,0.234654,6,13
1367,box,"38,41,22,12,15,8","10,3,11,43,48,5",1542.417,1540.233,0.503142,10,9
1368,box,"19,37,41,30,48,31","1,4,42,9,27,36",1395.412,1608.888,0.226379,8,13
1369,box,"32,26,20,37,29,38","44,46,6,27,13,25",1486.627,1480.368,0.509005,6,10
1370,hf,"2,27,16,23,21,15","31,13,3,38,25,18",1624.892,1581.452,0.562191,7,11
1371,hf,"8,41,37,42,23,9","46,25,15,21,14,4",1503.712,1562.948,0.415568,6,8
1372,hf,"23,8,11,34,46,30","27,14,28,20,16,6",1509.985,1598.135,0.375796,4,5
1373,hf,"40,36,37,22,48,26","23,19,27,28,16,20",1390.937,1568.792,0.264285,3,8
1374,box,"19,15,20,17,5,46","40,8,26,37,38,16",1554.365,1497.445,0.581189,2,10
1375,hf,"29,19,15,37,18,27","17,2,34,36,11,10",1540.912,1608.565,0.403851,8,7
1376,box,"47,31,14,37,43,35","42,34,38,18,7,16",1385.65,1516.31,0.320355,5,14
1377,box,"29,9,4,45,12,8","31,3,42,21,20,34",1589.998,1546.89,0.561721,10,4
1378,box,"38,9,47,3,16,1","45,20,18,37,28,41",1585.363,1446.252,0.690144,13,7
1379,hf,"4,2,10,23,7,9","8,14,30,22,26,45",1713.515,1519.858,0.753019,10,6
1380,box,"38,22,41,44,31,1","36,28,6,37,14,5",1491.242,1569.422,0.389351,7,10
1381,box,"21,26,25,15,6,5","45,35,36,24,4,14",1618.985,1509.583,0.652437,14,9
1382,box,"43,9,3,16,13,20","30,19,12,17,27,14",1603.903,1577.162,0.538409,8,10
1383,hf,"33,45,44,43,26,35","2,3,36,21,10,37",1365.913,1627.305,0.181727,9,13
1384,box,"4,10,42,6,46,43","32,29,19,5,30,17",1500.313,1566.6,0.405747,11,8
1385,box,"35,24,4,11,45,36","40,18,28,26,22,12",1514.575,1535.36,0.470124,10,3
1386,box,"13,9,34,10,40,15","1,47,2,41,22,26",1567.308,1547.255,0.528827,6,10
1387,box,"13,17,27,30,29,5","8,28,45,24,1,44",1581.323,1523.663,0.582226,6,7
1388,hf,"21,16,4,12,18,42","24,14,46,6,45,15",1591.583,1489.175,0.643253,8,6
1389,box,"32,11,16,2,14,18","9,3,42,35,19,30",1634.662,1559.682,0.60626,11,6
1390,hf,"2,6,30,11,45,43","9,19,4,24,40,29",1532.402,1585.107,0.424728,6,10
1391,box,"35,30,7,31,42,41","32,21,17,27,46,12",1463.392,1504.855,0.440611,8,10
1392,hf,"29,10,44,31,41,47","22,33,5,12,43,21",1395.603,1545.927,0.296227,4,9
1393,box,"45,22,25,26,35,19","17,33,10,16,32,39",1481.447,1535.753,0.422477,5,10
1394,hf,"9,6,47,4,8,34","30,33,3,16,23,36",1573.002,1566.392,0.509511,6,5
1395,hf,"5,30,4,32,19,3","41,15,39,10,23,7",1655.148,1547.522,0.650116,8,6
1396,hf,"23,12,39,21,8,32","7,47,41,10,43,25",1554.392,1441.688,0.656734,14,10
1397,hf,"12,11,2,24,19,10","43,8,25,48,40,21",1660.533,1418.615,0.801006,17,11
1398,hf,"25,13,47,1,35,46","43,19,41,20,29,2",1464.74,1528.267,0.409583,8,7
1399,box,"22,1,18,30,2,11","47,24,40,25,33,23",1672.897,1435.097,0.7972,10,4
1400,box,"29,32,17,40,12,26","28,41,14,11,21,27",1518.72,1544.693,0.462691,8,5
1401,hf,"11,23,37,10,2,27","6,26,47,35,42,45",1613.178,1385.778,0.787349,17,9
1402,box,"37,47,11,10,38,19","8,5,21,27,14,3",1469.465,1665.878,0.244042,9,13
1403,box,"26,15,28,16,30,43","10,27,12,19,40,3",1507.668,1603.197,0.365886,7,12
1404,hf,"2,42,43,36,22,7","13,14,46,15,35,3",1526.55,1556.288,0.457307,9,6
1405,hf,"11,5,42,6,12,10","7,44,47,24,19,33",1621.922,1449.487,0.729604,12,5
1406,hf,"35,10,28,48,27,45","32,26,20,1,7,8",1406.603,1645.743,0.201556,9,15
1407,hf,"25,20,47,9,44,1","3,48,12,37,33,32",1510.08,1483.455,0.538242,11,9
1408,box,"21,25,41,26,19,45","20,8,39,28,9,14",1469.365,1581.675,0.343777,8,12
1409,hf,"28,10,12,5,13,46","2,20,45,3,19,11",1566.058,1623.268,0.418404,6,9
1410,hf,"47,32,33,37,8,6","31,40,29,10,27,18",1475.612,1523.937,0.4309,5,6
1411,box,"13,8,36,2,4,15","28,42,27,45,11,1",1666.172,1524.788,0.692933,11,7
1412,box,"22,13,35,26,47,7","1,21,3,41,12,18",1493.468,1646.135,0.293422,6,10
1413,hf,"23,36,45,11,27,40","46,37,43,4,39,29",1457.18,1431.752,0.536529,12,9
1414,box,"28,16,15,12,36,14","33,40,25,43,39,31",1571.023,1420.198,0.704375,10,4
1415,box,"41,35,26,12,46,30","7,16,28,36,20,42",1438.787,1530.183,0.371422,7,11
1416,hf,"11,13,15,39,10,7","35,33,46,23,12,30",1608.24,1466.378,0.693519,10,6
1417,hf,"31,21,46,45,2,26","48,32,25,7,3,28",1477.795,1528.072,0.428147,6,9
1418,hf,"41,35,34,7,42,18","16,5,40,9,30,29",1477.47,1562.677,0.379778,10,16
1419,hf,"45,8,23,38,27,48","35,16,42,20,46,32",1411.283,1440.163,0.458534,12,7
1420,box,"10,45,26,25,24,46","35,47,11,23,37,7",1456.887,1476.173,0.472273,10,8
1421,hf,"11,22,21,15,39,18","28,41,1,29,20,9",1565.295,1590.997,0.46308,8,9
1422,hf,"10,40,27,28,38,20","5,29,37,26,32,2",1512.008,1585.542,0.395729,6,7
1423,box,"20,44,47,32,17,36","23,40,37,19,26,18",1406.903,1506.392,0.360614,6,7
1424,hf,"20,8,27,30,16,19","45,34,22,14,26,35",1581.277,1472.382,0.651775,13,8
1425,box,"38,35,2,17,19,21","1,39,11,33,26,42",1574.152,1543.595,0.543862,10,1
1426,hf,"9,30,3,26,45,19","36,39,4,2,35,12",1557.965,1585.518,0.46043,9,8
1427,hf,"15,1,36,35,37,46","13,3,22,31,20,45",1492.107,1554.227,0.411543,5,7
1428,box,"48,7,36,23,27,16","1,10,29,24,42,4",1482.61,1628.67,0.301369,7,13
1429,box,"44,26,7,38,39,23","42,14,2,43,25,19",1474.588,1537.562,0.410354,6,5
1430,hf,"43,19,28,29,37,4","33,31,2,8,34,41",1520.362,1550.542,0.456676,9,7
1431,hf,"41,14,28,24,8,4","15,18,19,20,17,9",1592.998,1610.332,0.475076,8,9
1432,box,"22,28,36,26,24,11","20,3,25,10,9,8",1545.472,1669.537,0.328677,8,11
1433,hf,"9,21,28,12,45,44","8,39,1,22,16,14",1483.825,1625.912,0.306206,6,9
1434,hf,"2,17,32,20,31,25","45,35,19,21,24,15",1590.883,1498.585,0.629789,11,8
1435,box,"15,35,48,21,1,32","6,9,19,22,23,14",1507.693,1624.355,0.338148,2,10
1436,box,"1,16,26,9,43,12","6,5,31,47,10,30",1603.123,1528.927,0.605183,10,7
1437,hf,"47,16,40,23,36,21","43,44,42,11,12,20",1437.252,1458.118,0.470007,14,10
1438,box,"7,26,8,33,21,32","24,40,6,29,5,4",1576.993,1613.068,0.44827,10,6
1439,hf,"6,17,29,30,20,18","31,15,24,14,23,10",1581.017,1587.062,0.491301,4,3
1440,hf,"19,8,30,47,23,38","20,37,46,13,17,48",1470.983,1414.383,0.580741,7,11
1441,hf,"33,35,2,15,13,8","34,14,27,6,5,44",1613.282,1552.828,0.586132,11,4
1442,box,"28,3,33,31,46,35","12,36,5,23,42,45",1493.852,1483.547,0.514826,8,10
1443,box,"44,5,21,12,8,29","20,27,46,14,40,15",1567.973,1486.067,0.615737,10,4
1444,hf,"37,7,23,28,44,31","13,19,18,25,32,6",1491.537,1590.482,0.361335,8,9
1445,box,"11,38,26,47,5,20","15,14,46,9,45,37",1500.6,1458.138,0.560805,6,4
1446,hf,"4,40,38,37,46,2","3,8,48,35,36,22",1503.158,1501.692,0.502111,8,7
1447,box,"44,46,22,11,7,6","35,39,27,34,19,38",1518.313,1464.695,0.576556,13,11
1448,box,"20,40,43,47,30,38","24,29,11,36,42,32",1367.022,1494.39,0.324495,4,10
1449,hf,"34,8,38,4,12,10","5,29,46,30,35,42",1609.125,1449.825,0.714431,13,9
1450,hf,"41,39,29,6,30,1","22,38,34,20,17,42",1553.397,1491.955,0.587511,6,9
1451,hf,"32,11,34,26,46,7","6,12,14,2,40,44",1506.403,1571.737,0.407071,6,9
1452,hf,"6,37,16,40,32,35","48,18,22,47,1,2",1496.687,1509.735,0.481231,4,10
1453,hf,"47,37,41,11,7,29","30,48,4,24,21,10",1454.358,1528.175,0.395339,8,9
1454,hf,"14,15,24,6,41,43","21,33,35,2,30,1",1523.1,1617.193,0.367805,6,8
1455,hf,"44,26,2,8,45,37","16,38,6,1,42,35",1491.88,1559.962,0.403258,8,7
1456,hf,"21,23,8,16,28,3","37,4,34,48,35,7",1635.213,1477.595,0.712452,10,6
1457,box,"21,4,9,20,14,30","44,26,5,22,34,32",1627.353,1506.157,0.66767,10,5
1458,hf,"14,45,23,33,39,26","37,16,48,46,41,4",1466.767,1405.952,0.586637,5,6
1459,hf,"28,6,24,41,19,29","16,47,22,25,39,42",1542.598,1423.327,0.665206,8,6
1460,box,"8,7,25,19,16,26","40,3,9,33,44,31",1611.857,1516.242,0.634229,10,7
1461,box,"27,42,25,48,1,22","16,19,12,34,6,46",1489.053,1534.14,0.435477,3,10
1462,box,"7,40,45,30,21,41","14,22,35,20,27,17",1448.21,1557.127,0.348197,7,10
1463,box,"36,35,1,9,32,14","46,17,10,44,27,43",1585.95,1424.603,0.716829,11,5
1464,hf,"41,17,44,18,30,8","34,38,15,48,21,14",1495.075,1456.893,0.554728,7,8
1465,hf,"32,26,17,45,43,39","41,1,37,12,44,33",1414.435,1501.473,0.377298,3,9
1466,box,"33,30,18,21,23,8","16,22,35,47,9,32",1564.74,1477.843,0.62251,10,7
1467,hf,"28,36,47,8,7,25","18,3,13,20,14,33",1497.61,1624.715,0.324827,6,12
1468,box,"14,36,31,29,42,23","33,15,41,48,26,19",1490.12,1437.53,0.57511,5,10
1469,box,"39,1,40,8,23,13","33,41,27,2,12,35",1582.603,1544.767,0.554237,10,7
1470,hf,"17,5,42,11,15,6","40,3,23,29,30,9",1606.463,1574.207,0.546288,9,7
1471,hf,"45,32,48,38,18,7","37,14,11,44,24,16",1409.758,1519.742,0.346805,6,9
1472,hf,"31,46,40,20,7,41","10,42,18,35,30,2",1447.058,1559.432,0.343695,5,8
1473,hf,"48,25,17,37,27,14","12,42,24,6,32,20",1462.168,1551.052,0.374806,7,10
1474,box,"45,42,44,14,12,27","7,47,35,4,3,13",1433.54,1583.46,0.296711,6,10
1475,hf,"4,31,1,10,35,26","29,11,48,45,3,38",1633.153,1448.923,0.742789,11,6
1476,box,"27,47,9,5,37,24","13,48,35,38,2,1",1502.122,1541.673,0.443325,10,7
1477,hf,"9,22,37,1,2,30","14,40,43,6,13,3",1646.403,1571.965,0.605516,11,8
1478,hf,"14,35,25,37,3,33","31,5,46,32,10,12",1554.213,1533.788,0.52936,12,11
1479,box,"46,18,27,8,32,45","37,11,36,5,31,1",1452.1,1595.647,0.304424,8,12
1480,box,"10,15,20,19,9,12","24,48,6,26,1,41",1629.363,1516.882,0.656446,13,9
1481,box,"10,47,43,2,38,18","20,29,31,12,25,45",1481.378,1497.38,0.476988,10,5
1482,hf,"9,31,27,6,42,30","39,20,36,2,48,18",1536.95,1481.8,0.578707,9,10
1483,box,"8,25,3,9,7,44","37,48,21,35,38,6",1621.058,1430.695,0.749476,10,8
1484,box,"45,19,39,35,27,17","31,36,28,33,44,9",1457.333,1475.095,0.474461,10,6
1485,box,"20,30,17,2,33,15","29,36,6,37,8,39",1601.952,1518.862,0.617347,12,10
1486,hf,"28,20,3,4,26,37","34,13,44,39,9,41",1616.407,1459.443,0.711679,13,7
1487,box,"18,33,28,48,29,3","47,11,8,15,37,34",1503.22,1485.795,0.525056,11,9
1488,box,"5,11,13,32,44,10","1,23,22,42,14,38",1570.465,1563.73,0.509691,6,5
1489,hf,"48,46,26,30,16,38","8,40,1,41,34,43",1382.737,1501.582,0.335341,0,5
1490,box,"8,17,48,26,1,2","38,6,25,37,10,16",1602.355,1556.833,0.565139,10,5
1491,hf,"35,37,30,40,3,25","1,48,22,20,41,6",1510.017,1527.375,0.47504,6,7
1492,box,"17,25,16,3,4,2","39,38,33,18,15,46",1708.462,1444.933,0.820095,12,4
1493,hf,"29,6,7,34,47,21","44,39,36,24,17,22",1510.965,1466.053,0.564275,11,7
1494,box,"2,13,41,17,43,1","5,24,14,21,16,18",1597.362,1616.77,0.472098,11,10
1495,hf,"17,19,38,18,26,28","29,10,4,7,40,36",1540.145,1578.033,0.445689,4,3
1496,box,"46,35,6,45,33,10","9,15,44,29,19,1",1451.37,1590.813,0.309448,5,10
1497,hf,"33,5,32,17,21,9","30,15,23,13,27,20",1591.697,1568.312,0.533603,10,9
1498,box,"1,19,6,11,40,7","36,9,42,22,43,44",1649.125,1424.568,0.784596,11,6
1499,box,"41,21,23,37,2,19","26,8,3,4,30,12",1556.528,1663.767,0.350393,8,11
1500,hf,"9,36,16,34,10,30","6,2,42,12,13,48",1553.99,1535.593,0.52645,6,7
